Year	Region	Vocation	Vehicle	Fuel	Pollutant	 Emission [g]
2010	1	agricultural	VCC 22601 (DSL T6 Ag)	DSL	CH4	162.8367651680373
2011	1	agricultural	VCC 22601 (DSL T6 Ag)	DSL	CH4	157.03003936054938
2012	1	agricultural	VCC 22601 (DSL T6 Ag)	DSL	CH4	155.29964979859182
2013	1	agricultural	VCC 22601 (DSL T6 Ag)	DSL	CH4	141.88194409874473
2014	1	agricultural	VCC 22601 (DSL T6 Ag)	DSL	CH4	128.31216181874584
2015	1	agricultural	VCC 22601 (DSL T6 Ag)	DSL	CH4	118.21228480181213
2016	1	agricultural	VCC 22601 (DSL T6 Ag)	DSL	CH4	109.38592122525976
2017	1	agricultural	VCC 22601 (DSL T6 Ag)	DSL	CH4	104.28269708085031
2018	1	agricultural	VCC 22601 (DSL T6 Ag)	DSL	CH4	102.16312134270409
2019	1	agricultural	VCC 22601 (DSL T6 Ag)	DSL	CH4	96.73792826925957
2020	1	agricultural	VCC 22601 (DSL T6 Ag)	DSL	CH4	84.93059315364097
2010	1	agricultural	VCC 22601 (DSL T6 Ag)	DSL	CO	9317.681152768897
2011	1	agricultural	VCC 22601 (DSL T6 Ag)	DSL	CO	9255.344090023638
2012	1	agricultural	VCC 22601 (DSL T6 Ag)	DSL	CO	9234.048346578602
2013	1	agricultural	VCC 22601 (DSL T6 Ag)	DSL	CO	8452.778283271855
2014	1	agricultural	VCC 22601 (DSL T6 Ag)	DSL	CO	7652.824867890477
2015	1	agricultural	VCC 22601 (DSL T6 Ag)	DSL	CO	7045.421603254969
2016	1	agricultural	VCC 22601 (DSL T6 Ag)	DSL	CO	6516.9689438453415
2017	1	agricultural	VCC 22601 (DSL T6 Ag)	DSL	CO	6205.579611006564
2018	1	agricultural	VCC 22601 (DSL T6 Ag)	DSL	CO	6071.6061831608695
2019	1	agricultural	VCC 22601 (DSL T6 Ag)	DSL	CO	5755.353799729234
2020	1	agricultural	VCC 22601 (DSL T6 Ag)	DSL	CO	5069.855927885001
2010	1	agricultural	VCC 22601 (DSL T6 Ag)	DSL	CO2	3.4922656226308525e7
2011	1	agricultural	VCC 22601 (DSL T6 Ag)	DSL	CO2	3.565367440078494e7
2012	1	agricultural	VCC 22601 (DSL T6 Ag)	DSL	CO2	3.558145259857959e7
2013	1	agricultural	VCC 22601 (DSL T6 Ag)	DSL	CO2	3.262867462259562e7
2014	1	agricultural	VCC 22601 (DSL T6 Ag)	DSL	CO2	2.9551176130410857e7
2015	1	agricultural	VCC 22601 (DSL T6 Ag)	DSL	CO2	2.7191041120738756e7
2016	1	agricultural	VCC 22601 (DSL T6 Ag)	DSL	CO2	2.5148110670366954e7
2017	1	agricultural	VCC 22601 (DSL T6 Ag)	DSL	CO2	2.392718166394021e7
2018	1	agricultural	VCC 22601 (DSL T6 Ag)	DSL	CO2	2.3393309746517617e7
2019	1	agricultural	VCC 22601 (DSL T6 Ag)	DSL	CO2	2.2194796386716507e7
2020	1	agricultural	VCC 22601 (DSL T6 Ag)	DSL	CO2	1.9593249263667896e7
2010	1	agricultural	VCC 22601 (DSL T6 Ag)	DSL	HC	2768.3433125277043
2011	1	agricultural	VCC 22601 (DSL T6 Ag)	DSL	HC	2669.624764999405
2012	1	agricultural	VCC 22601 (DSL T6 Ag)	DSL	HC	2640.2068865180017
2013	1	agricultural	VCC 22601 (DSL T6 Ag)	DSL	HC	2412.096140993041
2014	1	agricultural	VCC 22601 (DSL T6 Ag)	DSL	HC	2181.3999826377412
2015	1	agricultural	VCC 22601 (DSL T6 Ag)	DSL	HC	2009.6947346028305
2016	1	agricultural	VCC 22601 (DSL T6 Ag)	DSL	HC	1859.6401405121683
2017	1	agricultural	VCC 22601 (DSL T6 Ag)	DSL	HC	1772.8816218270779
2018	1	agricultural	VCC 22601 (DSL T6 Ag)	DSL	HC	1736.8472939729656
2019	1	agricultural	VCC 22601 (DSL T6 Ag)	DSL	HC	1644.6150700279572
2020	1	agricultural	VCC 22601 (DSL T6 Ag)	DSL	HC	1443.8817944158172
2010	1	agricultural	VCC 22601 (DSL T6 Ag)	DSL	NOx	125909.71612948175
2011	1	agricultural	VCC 22601 (DSL T6 Ag)	DSL	NOx	122503.71813549795
2012	1	agricultural	VCC 22601 (DSL T6 Ag)	DSL	NOx	122684.95822508374
2013	1	agricultural	VCC 22601 (DSL T6 Ag)	DSL	NOx	112150.157508692
2014	1	agricultural	VCC 22601 (DSL T6 Ag)	DSL	NOx	101542.69482082903
2015	1	agricultural	VCC 22601 (DSL T6 Ag)	DSL	NOx	93517.60135629035
2016	1	agricultural	VCC 22601 (DSL T6 Ag)	DSL	NOx	86503.53875097932
2017	1	agricultural	VCC 22601 (DSL T6 Ag)	DSL	NOx	82410.92491891784
2018	1	agricultural	VCC 22601 (DSL T6 Ag)	DSL	NOx	80660.2520525798
2019	1	agricultural	VCC 22601 (DSL T6 Ag)	DSL	NOx	76408.07239772726
2020	1	agricultural	VCC 22601 (DSL T6 Ag)	DSL	NOx	67225.41003583539
2010	1	agricultural	VCC 22601 (DSL T6 Ag)	DSL	PM	4505.789325238114
2011	1	agricultural	VCC 22601 (DSL T6 Ag)	DSL	PM	4555.322004578006
2012	1	agricultural	VCC 22601 (DSL T6 Ag)	DSL	PM	4534.639737498704
2013	1	agricultural	VCC 22601 (DSL T6 Ag)	DSL	PM	4155.771663596877
2014	1	agricultural	VCC 22601 (DSL T6 Ag)	DSL	PM	3762.575719572244
2015	1	agricultural	VCC 22601 (DSL T6 Ag)	DSL	PM	3462.834038877634
2016	1	agricultural	VCC 22601 (DSL T6 Ag)	DSL	PM	3203.0125601812233
2017	1	agricultural	VCC 22601 (DSL T6 Ag)	DSL	PM	3048.61363914989
2018	1	agricultural	VCC 22601 (DSL T6 Ag)	DSL	PM	2981.7606468302056
2019	1	agricultural	VCC 22601 (DSL T6 Ag)	DSL	PM	2828.0483012058858
2020	1	agricultural	VCC 22601 (DSL T6 Ag)	DSL	PM	2494.012402401387
2010	1	agricultural	VCC 22601 (DSL T6 Ag)	DSL	PM10	4429.324622622281
2011	1	agricultural	VCC 22601 (DSL T6 Ag)	DSL	PM10	4477.634430508493
2012	1	agricultural	VCC 22601 (DSL T6 Ag)	DSL	PM10	4457.241570558324
2013	1	agricultural	VCC 22601 (DSL T6 Ag)	DSL	PM10	4084.817878294356
2014	1	agricultural	VCC 22601 (DSL T6 Ag)	DSL	PM10	3698.3270153765407
2015	1	agricultural	VCC 22601 (DSL T6 Ag)	DSL	PM10	3403.709890706235
2016	1	agricultural	VCC 22601 (DSL T6 Ag)	DSL	PM10	3148.3269766598464
2017	1	agricultural	VCC 22601 (DSL T6 Ag)	DSL	PM10	2996.572933094568
2018	1	agricultural	VCC 22601 (DSL T6 Ag)	DSL	PM10	2930.8699860675597
2019	1	agricultural	VCC 22601 (DSL T6 Ag)	DSL	PM10	2779.7730652028868
2020	1	agricultural	VCC 22601 (DSL T6 Ag)	DSL	PM10	2451.419309102496
2010	1	agricultural	VCC 22601 (DSL T6 Ag)	DSL	PM25	2102.505440356465
2011	1	agricultural	VCC 22601 (DSL T6 Ag)	DSL	PM25	2108.7387827835355
2012	1	agricultural	VCC 22601 (DSL T6 Ag)	DSL	PM25	2096.368950284872
2013	1	agricultural	VCC 22601 (DSL T6 Ag)	DSL	PM25	1920.2368423371474
2014	1	agricultural	VCC 22601 (DSL T6 Ag)	DSL	PM25	1738.1939699638897
2015	1	agricultural	VCC 22601 (DSL T6 Ag)	DSL	PM25	1599.9985163706997
2016	1	agricultural	VCC 22601 (DSL T6 Ag)	DSL	PM25	1480.05399510106
2017	1	agricultural	VCC 22601 (DSL T6 Ag)	DSL	PM25	1409.0975374799968
2018	1	agricultural	VCC 22601 (DSL T6 Ag)	DSL	PM25	1378.588041676573
2019	1	agricultural	VCC 22601 (DSL T6 Ag)	DSL	PM25	1307.1659416465989
2020	1	agricultural	VCC 22601 (DSL T6 Ag)	DSL	PM25	1151.8907515487751
2010	1	agricultural	VCC 22601 (DSL T6 Ag)	DSL	ROG	3505.8307167712924
2011	1	agricultural	VCC 22601 (DSL T6 Ag)	DSL	ROG	3380.8136279008054
2012	1	agricultural	VCC 22601 (DSL T6 Ag)	DSL	ROG	3343.558798966836
2013	1	agricultural	VCC 22601 (DSL T6 Ag)	DSL	ROG	3054.679288470586
2014	1	agricultural	VCC 22601 (DSL T6 Ag)	DSL	ROG	2762.525602995326
2015	1	agricultural	VCC 22601 (DSL T6 Ag)	DSL	ROG	2545.0780230688074
2016	1	agricultural	VCC 22601 (DSL T6 Ag)	DSL	ROG	2355.0488394447075
2017	1	agricultural	VCC 22601 (DSL T6 Ag)	DSL	ROG	2245.1778232468264
2018	1	agricultural	VCC 22601 (DSL T6 Ag)	DSL	ROG	2199.543938281298
2019	1	agricultural	VCC 22601 (DSL T6 Ag)	DSL	ROG	2082.741024152426
2020	1	agricultural	VCC 22601 (DSL T6 Ag)	DSL	ROG	1828.5323465060485
2010	1	agricultural	VCC 22601 (DSL T6 Ag)	DSL	TOG	3991.120971512021
2011	1	agricultural	VCC 22601 (DSL T6 Ag)	DSL	TOG	3848.7984264062297
2012	1	agricultural	VCC 22601 (DSL T6 Ag)	DSL	TOG	3806.386658292521
2013	1	agricultural	VCC 22601 (DSL T6 Ag)	DSL	TOG	3477.5193627687577
2014	1	agricultural	VCC 22601 (DSL T6 Ag)	DSL	TOG	3144.924676608503
2015	1	agricultural	VCC 22601 (DSL T6 Ag)	DSL	TOG	2897.3771952861716
2016	1	agricultural	VCC 22601 (DSL T6 Ag)	DSL	TOG	2681.0434650048924
2017	1	agricultural	VCC 22601 (DSL T6 Ag)	DSL	TOG	2555.9636960061594
2018	1	agricultural	VCC 22601 (DSL T6 Ag)	DSL	TOG	2504.013000524064
2019	1	agricultural	VCC 22601 (DSL T6 Ag)	DSL	TOG	2371.0417895768624
2020	1	agricultural	VCC 22601 (DSL T6 Ag)	DSL	TOG	2081.6445959278717
2010	1	commercial	VCC 21400 (GAS LHD1)	GAS	CH4	15192.628179591415
2011	1	commercial	VCC 21400 (GAS LHD1)	GAS	CH4	24016.08353766277
2012	1	commercial	VCC 21400 (GAS LHD1)	GAS	CH4	81084.65873147373
2013	1	commercial	VCC 21400 (GAS LHD1)	GAS	CH4	152596.30741348158
2014	1	commercial	VCC 21400 (GAS LHD1)	GAS	CH4	198294.6227713815
2015	1	commercial	VCC 21400 (GAS LHD1)	GAS	CH4	185205.82387796778
2016	1	commercial	VCC 21400 (GAS LHD1)	GAS	CH4	213355.284905887
2017	1	commercial	VCC 21400 (GAS LHD1)	GAS	CH4	238344.46629710196
2018	1	commercial	VCC 21400 (GAS LHD1)	GAS	CH4	287763.6204142829
2019	1	commercial	VCC 21400 (GAS LHD1)	GAS	CH4	266267.4874983197
2020	1	commercial	VCC 21400 (GAS LHD1)	GAS	CH4	281939.0337149493
2010	1	commercial	VCC 21400 (GAS LHD1)	GAS	CO	1497616.7589873488
2011	1	commercial	VCC 21400 (GAS LHD1)	GAS	CO	2351490.196869096
2012	1	commercial	VCC 21400 (GAS LHD1)	GAS	CO	7962719.236699218
2013	1	commercial	VCC 21400 (GAS LHD1)	GAS	CO	1.499526256930575e7
2014	1	commercial	VCC 21400 (GAS LHD1)	GAS	CO	1.950112047485066e7
2015	1	commercial	VCC 21400 (GAS LHD1)	GAS	CO	1.821664346002641e7
2016	1	commercial	VCC 21400 (GAS LHD1)	GAS	CO	2.125958266132021e7
2017	1	commercial	VCC 21400 (GAS LHD1)	GAS	CO	2.4237261749828223e7
2018	1	commercial	VCC 21400 (GAS LHD1)	GAS	CO	3.0626579182884384e7
2019	1	commercial	VCC 21400 (GAS LHD1)	GAS	CO	2.8392320992241494e7
2020	1	commercial	VCC 21400 (GAS LHD1)	GAS	CO	3.1516855844736252e7
2010	1	commercial	VCC 21400 (GAS LHD1)	GAS	CO2	9.990064460222753e8
2011	1	commercial	VCC 21400 (GAS LHD1)	GAS	CO2	1.5761613971644213e9
2012	1	commercial	VCC 21400 (GAS LHD1)	GAS	CO2	5.353650286597275e9
2013	1	commercial	VCC 21400 (GAS LHD1)	GAS	CO2	1.0088246915343391e10
2014	1	commercial	VCC 21400 (GAS LHD1)	GAS	CO2	1.3103173315548391e10
2015	1	commercial	VCC 21400 (GAS LHD1)	GAS	CO2	1.2234503947437233e10
2016	1	commercial	VCC 21400 (GAS LHD1)	GAS	CO2	1.4177351707928133e10
2017	1	commercial	VCC 21400 (GAS LHD1)	GAS	CO2	1.6008670345800749e10
2018	1	commercial	VCC 21400 (GAS LHD1)	GAS	CO2	1.976775203262816e10
2019	1	commercial	VCC 21400 (GAS LHD1)	GAS	CO2	1.8326206910285995e10
2020	1	commercial	VCC 21400 (GAS LHD1)	GAS	CO2	2.0126328215156414e10
2010	1	commercial	VCC 21400 (GAS LHD1)	GAS	HC	289213.3377439206
2011	1	commercial	VCC 21400 (GAS LHD1)	GAS	HC	453766.92290900135
2012	1	commercial	VCC 21400 (GAS LHD1)	GAS	HC	1507525.1384269993
2013	1	commercial	VCC 21400 (GAS LHD1)	GAS	HC	2834708.4890241893
2014	1	commercial	VCC 21400 (GAS LHD1)	GAS	HC	3683429.709486479
2015	1	commercial	VCC 21400 (GAS LHD1)	GAS	HC	3440256.360285708
2016	1	commercial	VCC 21400 (GAS LHD1)	GAS	HC	3988583.7189376466
2017	1	commercial	VCC 21400 (GAS LHD1)	GAS	HC	4501517.798384195
2018	1	commercial	VCC 21400 (GAS LHD1)	GAS	HC	5565080.005035255
2019	1	commercial	VCC 21400 (GAS LHD1)	GAS	HC	5154346.748913985
2020	1	commercial	VCC 21400 (GAS LHD1)	GAS	HC	5592471.642440178
2010	1	commercial	VCC 21400 (GAS LHD1)	GAS	NOx	563893.9203131046
2011	1	commercial	VCC 21400 (GAS LHD1)	GAS	NOx	885612.151547495
2012	1	commercial	VCC 21400 (GAS LHD1)	GAS	NOx	3000303.5630158633
2013	1	commercial	VCC 21400 (GAS LHD1)	GAS	NOx	5659403.137674969
2014	1	commercial	VCC 21400 (GAS LHD1)	GAS	NOx	7369252.894136655
2015	1	commercial	VCC 21400 (GAS LHD1)	GAS	NOx	6885338.272412443
2016	1	commercial	VCC 21400 (GAS LHD1)	GAS	NOx	7954705.340024667
2017	1	commercial	VCC 21400 (GAS LHD1)	GAS	NOx	8911945.032077197
2018	1	commercial	VCC 21400 (GAS LHD1)	GAS	NOx	1.0806463451776516e7
2019	1	commercial	VCC 21400 (GAS LHD1)	GAS	NOx	9999112.233218525
2020	1	commercial	VCC 21400 (GAS LHD1)	GAS	NOx	1.0616216865626141e7
2010	1	commercial	VCC 21400 (GAS LHD1)	GAS	PM	103697.15996604651
2011	1	commercial	VCC 21400 (GAS LHD1)	GAS	PM	162911.5295323243
2012	1	commercial	VCC 21400 (GAS LHD1)	GAS	PM	556667.9800646384
2013	1	commercial	VCC 21400 (GAS LHD1)	GAS	PM	1051279.238947385
2014	1	commercial	VCC 21400 (GAS LHD1)	GAS	PM	1369903.4058796647
2015	1	commercial	VCC 21400 (GAS LHD1)	GAS	PM	1279942.5219058695
2016	1	commercial	VCC 21400 (GAS LHD1)	GAS	PM	1495847.4486263893
2017	1	commercial	VCC 21400 (GAS LHD1)	GAS	PM	1706520.0241512293
2018	1	commercial	VCC 21400 (GAS LHD1)	GAS	PM	2156647.07932489
2019	1	commercial	VCC 21400 (GAS LHD1)	GAS	PM	1999105.6280799136
2020	1	commercial	VCC 21400 (GAS LHD1)	GAS	PM	2217145.4835716835
2010	1	commercial	VCC 21400 (GAS LHD1)	GAS	PM10	101781.41862929573
2011	1	commercial	VCC 21400 (GAS LHD1)	GAS	PM10	159890.41826556931
2012	1	commercial	VCC 21400 (GAS LHD1)	GAS	PM10	546225.1057673893
2013	1	commercial	VCC 21400 (GAS LHD1)	GAS	PM10	1031312.6288279195
2014	1	commercial	VCC 21400 (GAS LHD1)	GAS	PM10	1343613.4062856382
2015	1	commercial	VCC 21400 (GAS LHD1)	GAS	PM10	1255339.5325747041
2016	1	commercial	VCC 21400 (GAS LHD1)	GAS	PM10	1466753.734680387
2017	1	commercial	VCC 21400 (GAS LHD1)	GAS	PM10	1673009.1174990367
2018	1	commercial	VCC 21400 (GAS LHD1)	GAS	PM10	2113790.1445110347
2019	1	commercial	VCC 21400 (GAS LHD1)	GAS	PM10	1959387.5524681085
2020	1	commercial	VCC 21400 (GAS LHD1)	GAS	PM10	2172851.132699719
2010	1	commercial	VCC 21400 (GAS LHD1)	GAS	PM25	42078.09983514909
2011	1	commercial	VCC 21400 (GAS LHD1)	GAS	PM25	66160.33201923699
2012	1	commercial	VCC 21400 (GAS LHD1)	GAS	PM25	226638.90737294432
2013	1	commercial	VCC 21400 (GAS LHD1)	GAS	PM25	429177.50694718
2014	1	commercial	VCC 21400 (GAS LHD1)	GAS	PM25	560546.4773372493
2015	1	commercial	VCC 21400 (GAS LHD1)	GAS	PM25	523923.21846553683
2016	1	commercial	VCC 21400 (GAS LHD1)	GAS	PM25	613920.0749249096
2017	1	commercial	VCC 21400 (GAS LHD1)	GAS	PM25	701903.7666456159
2018	1	commercial	VCC 21400 (GAS LHD1)	GAS	PM25	889454.648421579
2019	1	commercial	VCC 21400 (GAS LHD1)	GAS	PM25	824441.6888985845
2020	1	commercial	VCC 21400 (GAS LHD1)	GAS	PM25	915524.0996998539
2010	1	commercial	VCC 21400 (GAS LHD1)	GAS	ROG	289565.3881105381
2011	1	commercial	VCC 21400 (GAS LHD1)	GAS	ROG	454133.8551762316
2012	1	commercial	VCC 21400 (GAS LHD1)	GAS	ROG	1507071.4458204932
2013	1	commercial	VCC 21400 (GAS LHD1)	GAS	ROG	2833671.880630384
2014	1	commercial	VCC 21400 (GAS LHD1)	GAS	ROG	3682030.694462522
2015	1	commercial	VCC 21400 (GAS LHD1)	GAS	ROG	3438939.438868487
2016	1	commercial	VCC 21400 (GAS LHD1)	GAS	ROG	3988770.6914775195
2017	1	commercial	VCC 21400 (GAS LHD1)	GAS	ROG	4504838.152180021
2018	1	commercial	VCC 21400 (GAS LHD1)	GAS	ROG	5578013.168774871
2019	1	commercial	VCC 21400 (GAS LHD1)	GAS	ROG	5166660.764218183
2020	1	commercial	VCC 21400 (GAS LHD1)	GAS	ROG	5614802.682893457
2010	1	commercial	VCC 21400 (GAS LHD1)	GAS	TOG	307644.0426259468
2011	1	commercial	VCC 21400 (GAS LHD1)	GAS	TOG	482700.1111888634
2012	1	commercial	VCC 21400 (GAS LHD1)	GAS	TOG	1603516.4681354002
2013	1	commercial	VCC 21400 (GAS LHD1)	GAS	TOG	3015181.0548245218
2014	1	commercial	VCC 21400 (GAS LHD1)	GAS	TOG	3917907.151812924
2015	1	commercial	VCC 21400 (GAS LHD1)	GAS	TOG	3659248.3964943937
2016	1	commercial	VCC 21400 (GAS LHD1)	GAS	TOG	4242581.093133576
2017	1	commercial	VCC 21400 (GAS LHD1)	GAS	TOG	4788393.779497647
2018	1	commercial	VCC 21400 (GAS LHD1)	GAS	TOG	5920393.134196706
2019	1	commercial	VCC 21400 (GAS LHD1)	GAS	TOG	5483464.444967133
2020	1	commercial	VCC 21400 (GAS LHD1)	GAS	TOG	5950269.633457683
2010	1	commercial	VCC 24724 (NG T7 SWCVng)	ELEC	CH4	298206.3959968651
2011	1	commercial	VCC 24724 (NG T7 SWCVng)	ELEC	CH4	275438.79216823727
2012	1	commercial	VCC 24724 (NG T7 SWCVng)	ELEC	CH4	3709452.3115842636
2013	1	commercial	VCC 24724 (NG T7 SWCVng)	ELEC	CH4	3832809.130101901
2014	1	commercial	VCC 24724 (NG T7 SWCVng)	ELEC	CH4	3650447.1252866443
2015	1	commercial	VCC 24724 (NG T7 SWCVng)	ELEC	CH4	3359188.392597804
2016	1	commercial	VCC 24724 (NG T7 SWCVng)	ELEC	CH4	4874280.678682974
2017	1	commercial	VCC 24724 (NG T7 SWCVng)	ELEC	CH4	4458345.768524322
2018	1	commercial	VCC 24724 (NG T7 SWCVng)	ELEC	CH4	7035307.861135412
2019	1	commercial	VCC 24724 (NG T7 SWCVng)	ELEC	CH4	6319216.895761541
2020	1	commercial	VCC 24724 (NG T7 SWCVng)	ELEC	CH4	6013431.662687271
2010	1	commercial	VCC 24724 (NG T7 SWCVng)	ELEC	CO	3162910.8971851803
2011	1	commercial	VCC 24724 (NG T7 SWCVng)	ELEC	CO	3010534.623418063
2012	1	commercial	VCC 24724 (NG T7 SWCVng)	ELEC	CO	6764243.989925915
2013	1	commercial	VCC 24724 (NG T7 SWCVng)	ELEC	CO	1.0591539762213986e7
2014	1	commercial	VCC 24724 (NG T7 SWCVng)	ELEC	CO	1.2162784381906934e7
2015	1	commercial	VCC 24724 (NG T7 SWCVng)	ELEC	CO	1.2594726245168187e7
2016	1	commercial	VCC 24724 (NG T7 SWCVng)	ELEC	CO	1.3639864950742539e7
2017	1	commercial	VCC 24724 (NG T7 SWCVng)	ELEC	CO	1.4673951481866883e7
2018	1	commercial	VCC 24724 (NG T7 SWCVng)	ELEC	CO	1.6967307012159333e7
2019	1	commercial	VCC 24724 (NG T7 SWCVng)	ELEC	CO	1.5700100993768608e7
2020	1	commercial	VCC 24724 (NG T7 SWCVng)	ELEC	CO	1.5817649303676866e7
2010	1	commercial	VCC 24724 (NG T7 SWCVng)	ELEC	CO2	1.6791738273899934e8
2011	1	commercial	VCC 24724 (NG T7 SWCVng)	ELEC	CO2	2.2683093562678045e8
2012	1	commercial	VCC 24724 (NG T7 SWCVng)	ELEC	CO2	1.0073914432932425e9
2013	1	commercial	VCC 24724 (NG T7 SWCVng)	ELEC	CO2	1.1059718918079715e9
2014	1	commercial	VCC 24724 (NG T7 SWCVng)	ELEC	CO2	1.7125414132857847e9
2015	1	commercial	VCC 24724 (NG T7 SWCVng)	ELEC	CO2	2.0533273297934756e9
2016	1	commercial	VCC 24724 (NG T7 SWCVng)	ELEC	CO2	3.497977963715337e9
2017	1	commercial	VCC 24724 (NG T7 SWCVng)	ELEC	CO2	3.598412620553912e9
2018	1	commercial	VCC 24724 (NG T7 SWCVng)	ELEC	CO2	6.1038536512449875e9
2019	1	commercial	VCC 24724 (NG T7 SWCVng)	ELEC	CO2	5.424293413309348e9
2020	1	commercial	VCC 24724 (NG T7 SWCVng)	ELEC	CO2	5.519679990839481e9
2010	1	commercial	VCC 24724 (NG T7 SWCVng)	ELEC	HC	12483.0321796057
2011	1	commercial	VCC 24724 (NG T7 SWCVng)	ELEC	HC	293908.95177365467
2012	1	commercial	VCC 24724 (NG T7 SWCVng)	ELEC	HC	1433920.4994088425
2013	1	commercial	VCC 24724 (NG T7 SWCVng)	ELEC	HC	2284091.780886028
2014	1	commercial	VCC 24724 (NG T7 SWCVng)	ELEC	HC	2493627.8290955946
2015	1	commercial	VCC 24724 (NG T7 SWCVng)	ELEC	HC	2840947.5369702815
2016	1	commercial	VCC 24724 (NG T7 SWCVng)	ELEC	HC	3209391.790725807
2017	1	commercial	VCC 24724 (NG T7 SWCVng)	ELEC	HC	3209557.171644837
2018	1	commercial	VCC 24724 (NG T7 SWCVng)	ELEC	HC	3851307.7060642876
2019	1	commercial	VCC 24724 (NG T7 SWCVng)	ELEC	HC	3540042.557617973
2020	1	commercial	VCC 24724 (NG T7 SWCVng)	ELEC	HC	3877742.756324666
2010	1	commercial	VCC 24724 (NG T7 SWCVng)	ELEC	NOx	13327.91306087377
2011	1	commercial	VCC 24724 (NG T7 SWCVng)	ELEC	NOx	27584.021280398192
2012	1	commercial	VCC 24724 (NG T7 SWCVng)	ELEC	NOx	622901.553338382
2013	1	commercial	VCC 24724 (NG T7 SWCVng)	ELEC	NOx	664548.2859618374
2014	1	commercial	VCC 24724 (NG T7 SWCVng)	ELEC	NOx	683749.9156663587
2015	1	commercial	VCC 24724 (NG T7 SWCVng)	ELEC	NOx	646696.2733161107
2016	1	commercial	VCC 24724 (NG T7 SWCVng)	ELEC	NOx	901664.9438336127
2017	1	commercial	VCC 24724 (NG T7 SWCVng)	ELEC	NOx	837456.5736617411
2018	1	commercial	VCC 24724 (NG T7 SWCVng)	ELEC	NOx	884201.6150571221
2019	1	commercial	VCC 24724 (NG T7 SWCVng)	ELEC	NOx	820767.5583839343
2020	1	commercial	VCC 24724 (NG T7 SWCVng)	ELEC	NOx	820156.6694090823
2010	1	commercial	VCC 24724 (NG T7 SWCVng)	ELEC	PM	5283.780024717517
2011	1	commercial	VCC 24724 (NG T7 SWCVng)	ELEC	PM	5864.909677691956
2012	1	commercial	VCC 24724 (NG T7 SWCVng)	ELEC	PM	11374.08613133568
2013	1	commercial	VCC 24724 (NG T7 SWCVng)	ELEC	PM	38212.258651570315
2014	1	commercial	VCC 24724 (NG T7 SWCVng)	ELEC	PM	38211.74756781762
2015	1	commercial	VCC 24724 (NG T7 SWCVng)	ELEC	PM	44584.75748152039
2016	1	commercial	VCC 24724 (NG T7 SWCVng)	ELEC	PM	68933.22922699363
2017	1	commercial	VCC 24724 (NG T7 SWCVng)	ELEC	PM	66448.67590388321
2018	1	commercial	VCC 24724 (NG T7 SWCVng)	ELEC	PM	92684.21976263815
2019	1	commercial	VCC 24724 (NG T7 SWCVng)	ELEC	PM	85341.9198401267
2020	1	commercial	VCC 24724 (NG T7 SWCVng)	ELEC	PM	88454.8080687712
2010	1	commercial	VCC 24724 (NG T7 SWCVng)	ELEC	PM10	11614.901942212902
2011	1	commercial	VCC 24724 (NG T7 SWCVng)	ELEC	PM10	14126.755294834997
2012	1	commercial	VCC 24724 (NG T7 SWCVng)	ELEC	PM10	18789.063786513216
2013	1	commercial	VCC 24724 (NG T7 SWCVng)	ELEC	PM10	52541.50568103217
2014	1	commercial	VCC 24724 (NG T7 SWCVng)	ELEC	PM10	55021.61643110908
2015	1	commercial	VCC 24724 (NG T7 SWCVng)	ELEC	PM10	49879.73747348383
2016	1	commercial	VCC 24724 (NG T7 SWCVng)	ELEC	PM10	82814.57267573258
2017	1	commercial	VCC 24724 (NG T7 SWCVng)	ELEC	PM10	81004.90014521156
2018	1	commercial	VCC 24724 (NG T7 SWCVng)	ELEC	PM10	83404.56559033933
2019	1	commercial	VCC 24724 (NG T7 SWCVng)	ELEC	PM10	78498.46018302343
2020	1	commercial	VCC 24724 (NG T7 SWCVng)	ELEC	PM10	76832.77916954838
2010	1	commercial	VCC 24724 (NG T7 SWCVng)	ELEC	PM25	8752.097569812779
2011	1	commercial	VCC 24724 (NG T7 SWCVng)	ELEC	PM25	7467.708302439068
2012	1	commercial	VCC 24724 (NG T7 SWCVng)	ELEC	PM25	23921.031381692275
2013	1	commercial	VCC 24724 (NG T7 SWCVng)	ELEC	PM25	25630.26451680679
2014	1	commercial	VCC 24724 (NG T7 SWCVng)	ELEC	PM25	28072.952490018062
2015	1	commercial	VCC 24724 (NG T7 SWCVng)	ELEC	PM25	30604.799533178324
2016	1	commercial	VCC 24724 (NG T7 SWCVng)	ELEC	PM25	33683.856079356134
2017	1	commercial	VCC 24724 (NG T7 SWCVng)	ELEC	PM25	30960.482312961325
2018	1	commercial	VCC 24724 (NG T7 SWCVng)	ELEC	PM25	43722.54500352511
2019	1	commercial	VCC 24724 (NG T7 SWCVng)	ELEC	PM25	40558.88927176794
2020	1	commercial	VCC 24724 (NG T7 SWCVng)	ELEC	PM25	40680.8374115626
2010	1	commercial	VCC 24724 (NG T7 SWCVng)	ELEC	ROG	11933.109794139287
2011	1	commercial	VCC 24724 (NG T7 SWCVng)	ELEC	ROG	10558.634601276528
2012	1	commercial	VCC 24724 (NG T7 SWCVng)	ELEC	ROG	40365.908390809745
2013	1	commercial	VCC 24724 (NG T7 SWCVng)	ELEC	ROG	38488.77328019653
2014	1	commercial	VCC 24724 (NG T7 SWCVng)	ELEC	ROG	47536.93926696525
2015	1	commercial	VCC 24724 (NG T7 SWCVng)	ELEC	ROG	45355.34215802419
2016	1	commercial	VCC 24724 (NG T7 SWCVng)	ELEC	ROG	57302.9142030975
2017	1	commercial	VCC 24724 (NG T7 SWCVng)	ELEC	ROG	58100.09107140676
2018	1	commercial	VCC 24724 (NG T7 SWCVng)	ELEC	ROG	62685.018832809175
2019	1	commercial	VCC 24724 (NG T7 SWCVng)	ELEC	ROG	57929.878472255
2020	1	commercial	VCC 24724 (NG T7 SWCVng)	ELEC	ROG	56208.08484166898
2010	1	commercial	VCC 24724 (NG T7 SWCVng)	ELEC	TOG	141998.88406156504
2011	1	commercial	VCC 24724 (NG T7 SWCVng)	ELEC	TOG	235366.14168693867
2012	1	commercial	VCC 24724 (NG T7 SWCVng)	ELEC	TOG	2357020.734984452
2013	1	commercial	VCC 24724 (NG T7 SWCVng)	ELEC	TOG	3139559.0018990915
2014	1	commercial	VCC 24724 (NG T7 SWCVng)	ELEC	TOG	3091196.128530589
2015	1	commercial	VCC 24724 (NG T7 SWCVng)	ELEC	TOG	3428267.2654434144
2016	1	commercial	VCC 24724 (NG T7 SWCVng)	ELEC	TOG	3202058.3599825366
2017	1	commercial	VCC 24724 (NG T7 SWCVng)	ELEC	TOG	2957267.553945001
2018	1	commercial	VCC 24724 (NG T7 SWCVng)	ELEC	TOG	6198155.252835372
2019	1	commercial	VCC 24724 (NG T7 SWCVng)	ELEC	TOG	5537253.775459152
2020	1	commercial	VCC 24724 (NG T7 SWCVng)	ELEC	TOG	5412992.090481056
2010	1	commercial	VCC 24724 (NG T7 SWCVng)	NG	CH4	314018.62471539545
2011	1	commercial	VCC 24724 (NG T7 SWCVng)	NG	CH4	439759.30212100147
2012	1	commercial	VCC 24724 (NG T7 SWCVng)	NG	CH4	956714.6907011906
2013	1	commercial	VCC 24724 (NG T7 SWCVng)	NG	CH4	2605510.4654883263
2014	1	commercial	VCC 24724 (NG T7 SWCVng)	NG	CH4	3598675.7742293975
2015	1	commercial	VCC 24724 (NG T7 SWCVng)	NG	CH4	3346734.8113940563
2016	1	commercial	VCC 24724 (NG T7 SWCVng)	NG	CH4	3820621.33782307
2017	1	commercial	VCC 24724 (NG T7 SWCVng)	NG	CH4	4293508.193152224
2018	1	commercial	VCC 24724 (NG T7 SWCVng)	NG	CH4	5276157.424090913
2019	1	commercial	VCC 24724 (NG T7 SWCVng)	NG	CH4	4891253.604615888
2020	1	commercial	VCC 24724 (NG T7 SWCVng)	NG	CH4	5369887.229140128
2010	1	commercial	VCC 24724 (NG T7 SWCVng)	NG	CO	1159661.1049944728
2011	1	commercial	VCC 24724 (NG T7 SWCVng)	NG	CO	1623625.6907455043
2012	1	commercial	VCC 24724 (NG T7 SWCVng)	NG	CO	3531129.4847981343
2013	1	commercial	VCC 24724 (NG T7 SWCVng)	NG	CO	9615235.378610717
2014	1	commercial	VCC 24724 (NG T7 SWCVng)	NG	CO	1.328003266461646e7
2015	1	commercial	VCC 24724 (NG T7 SWCVng)	NG	CO	1.2350304973893115e7
2016	1	commercial	VCC 24724 (NG T7 SWCVng)	NG	CO	1.4098941740142148e7
2017	1	commercial	VCC 24724 (NG T7 SWCVng)	NG	CO	1.5843895192162652e7
2018	1	commercial	VCC 24724 (NG T7 SWCVng)	NG	CO	1.946991306239906e7
2019	1	commercial	VCC 24724 (NG T7 SWCVng)	NG	CO	1.8049555777846392e7
2020	1	commercial	VCC 24724 (NG T7 SWCVng)	NG	CO	1.9815716478802428e7
2010	1	commercial	VCC 24724 (NG T7 SWCVng)	NG	CO2	2.9630420053813535e8
2011	1	commercial	VCC 24724 (NG T7 SWCVng)	NG	CO2	4.1509334587081563e8
2012	1	commercial	VCC 24724 (NG T7 SWCVng)	NG	CO2	9.033216294547527e8
2013	1	commercial	VCC 24724 (NG T7 SWCVng)	NG	CO2	2.4604876116033163e9
2014	1	commercial	VCC 24724 (NG T7 SWCVng)	NG	CO2	3.244169035247265e9
2015	1	commercial	VCC 24724 (NG T7 SWCVng)	NG	CO2	3.00982540178211e9
2016	1	commercial	VCC 24724 (NG T7 SWCVng)	NG	CO2	3.383867112849655e9
2017	1	commercial	VCC 24724 (NG T7 SWCVng)	NG	CO2	3.7410904991922545e9
2018	1	commercial	VCC 24724 (NG T7 SWCVng)	NG	CO2	4.5133314663590145e9
2019	1	commercial	VCC 24724 (NG T7 SWCVng)	NG	CO2	4.186484125215615e9
2020	1	commercial	VCC 24724 (NG T7 SWCVng)	NG	CO2	4.557689959951029e9
2010	1	commercial	VCC 24724 (NG T7 SWCVng)	NG	HC	321121.2823000422
2011	1	commercial	VCC 24724 (NG T7 SWCVng)	NG	HC	449706.0371922692
2012	1	commercial	VCC 24724 (NG T7 SWCVng)	NG	HC	978354.2256273931
2013	1	commercial	VCC 24724 (NG T7 SWCVng)	NG	HC	2664443.431178031
2014	1	commercial	VCC 24724 (NG T7 SWCVng)	NG	HC	3680072.732824431
2015	1	commercial	VCC 24724 (NG T7 SWCVng)	NG	HC	3422433.2218592153
2016	1	commercial	VCC 24724 (NG T7 SWCVng)	NG	HC	3907038.388960112
2017	1	commercial	VCC 24724 (NG T7 SWCVng)	NG	HC	4390621.2726304885
2018	1	commercial	VCC 24724 (NG T7 SWCVng)	NG	HC	5395496.63912588
2019	1	commercial	VCC 24724 (NG T7 SWCVng)	NG	HC	5001886.840596859
2020	1	commercial	VCC 24724 (NG T7 SWCVng)	NG	HC	5491346.478288487
2010	1	commercial	VCC 24724 (NG T7 SWCVng)	NG	NOx	112867.73681740781
2011	1	commercial	VCC 24724 (NG T7 SWCVng)	NG	NOx	137117.0117251358
2012	1	commercial	VCC 24724 (NG T7 SWCVng)	NG	NOx	233776.8905352928
2013	1	commercial	VCC 24724 (NG T7 SWCVng)	NG	NOx	556459.8508786554
2014	1	commercial	VCC 24724 (NG T7 SWCVng)	NG	NOx	750253.6072585834
2015	1	commercial	VCC 24724 (NG T7 SWCVng)	NG	NOx	697670.4166809468
2016	1	commercial	VCC 24724 (NG T7 SWCVng)	NG	NOx	789427.3749215989
2017	1	commercial	VCC 24724 (NG T7 SWCVng)	NG	NOx	881281.1544379825
2018	1	commercial	VCC 24724 (NG T7 SWCVng)	NG	NOx	1074432.1243349973
2019	1	commercial	VCC 24724 (NG T7 SWCVng)	NG	NOx	996216.6974552713
2020	1	commercial	VCC 24724 (NG T7 SWCVng)	NG	NOx	1089279.4743558762
2010	1	commercial	VCC 24724 (NG T7 SWCVng)	NG	PM	7978.151176379382
2011	1	commercial	VCC 24724 (NG T7 SWCVng)	NG	PM	11198.107596143538
2012	1	commercial	VCC 24724 (NG T7 SWCVng)	NG	PM	24435.49304450053
2013	1	commercial	VCC 24724 (NG T7 SWCVng)	NG	PM	66639.28788423876
2014	1	commercial	VCC 24724 (NG T7 SWCVng)	NG	PM	92061.83492454665
2015	1	commercial	VCC 24724 (NG T7 SWCVng)	NG	PM	85616.71827799806
2016	1	commercial	VCC 24724 (NG T7 SWCVng)	NG	PM	97747.84573867323
2017	1	commercial	VCC 24724 (NG T7 SWCVng)	NG	PM	109853.0394580654
2018	1	commercial	VCC 24724 (NG T7 SWCVng)	NG	PM	135004.7769792109
2019	1	commercial	VCC 24724 (NG T7 SWCVng)	NG	PM	125155.78453298811
2020	1	commercial	VCC 24724 (NG T7 SWCVng)	NG	PM	137407.97889499122
2010	1	commercial	VCC 24724 (NG T7 SWCVng)	NG	PM10	7878.232102811807
2011	1	commercial	VCC 24724 (NG T7 SWCVng)	NG	PM10	11057.861160269158
2012	1	commercial	VCC 24724 (NG T7 SWCVng)	NG	PM10	24129.46014307365
2013	1	commercial	VCC 24724 (NG T7 SWCVng)	NG	PM10	65804.69097073856
2014	1	commercial	VCC 24724 (NG T7 SWCVng)	NG	PM10	90908.84347067199
2015	1	commercial	VCC 24724 (NG T7 SWCVng)	NG	PM10	84544.44578834243
2016	1	commercial	VCC 24724 (NG T7 SWCVng)	NG	PM10	96523.6423583448
2017	1	commercial	VCC 24724 (NG T7 SWCVng)	NG	PM10	108477.22985599315
2018	1	commercial	VCC 24724 (NG T7 SWCVng)	NG	PM10	133313.96161363382
2019	1	commercial	VCC 24724 (NG T7 SWCVng)	NG	PM10	123588.31965250937
2020	1	commercial	VCC 24724 (NG T7 SWCVng)	NG	PM10	135687.0655593299
2010	1	commercial	VCC 24724 (NG T7 SWCVng)	NG	PM25	3000.468099355676
2011	1	commercial	VCC 24724 (NG T7 SWCVng)	NG	PM25	4211.452166316176
2012	1	commercial	VCC 24724 (NG T7 SWCVng)	NG	PM25	9189.846730624187
2013	1	commercial	VCC 24724 (NG T7 SWCVng)	NG	PM25	25062.106884774137
2014	1	commercial	VCC 24724 (NG T7 SWCVng)	NG	PM25	34623.179444261914
2015	1	commercial	VCC 24724 (NG T7 SWCVng)	NG	PM25	32199.2608025771
2016	1	commercial	VCC 24724 (NG T7 SWCVng)	NG	PM25	36761.6129077089
2017	1	commercial	VCC 24724 (NG T7 SWCVng)	NG	PM25	41314.21058886705
2018	1	commercial	VCC 24724 (NG T7 SWCVng)	NG	PM25	50773.434281996466
2019	1	commercial	VCC 24724 (NG T7 SWCVng)	NG	PM25	47069.363769591975
2020	1	commercial	VCC 24724 (NG T7 SWCVng)	NG	PM25	51677.247325644596
2010	1	commercial	VCC 24724 (NG T7 SWCVng)	NG	ROG	4486.706864691644
2011	1	commercial	VCC 24724 (NG T7 SWCVng)	NG	ROG	6283.292843269919
2012	1	commercial	VCC 24724 (NG T7 SWCVng)	NG	ROG	13669.567224393912
2013	1	commercial	VCC 24724 (NG T7 SWCVng)	NG	ROG	37227.60513827884
2014	1	commercial	VCC 24724 (NG T7 SWCVng)	NG	ROG	51417.97973074745
2015	1	commercial	VCC 24724 (NG T7 SWCVng)	NG	ROG	47818.23990779436
2016	1	commercial	VCC 24724 (NG T7 SWCVng)	NG	ROG	54589.14206317123
2017	1	commercial	VCC 24724 (NG T7 SWCVng)	NG	ROG	61345.76236334603
2018	1	commercial	VCC 24724 (NG T7 SWCVng)	NG	ROG	75385.87947844378
2019	1	commercial	VCC 24724 (NG T7 SWCVng)	NG	ROG	69886.36344998665
2020	1	commercial	VCC 24724 (NG T7 SWCVng)	NG	ROG	76725.09322573715
2010	1	commercial	VCC 24724 (NG T7 SWCVng)	NG	TOG	320479.0405567592
2011	1	commercial	VCC 24724 (NG T7 SWCVng)	NG	TOG	448806.62508030795
2012	1	commercial	VCC 24724 (NG T7 SWCVng)	NG	TOG	976397.5169757009
2013	1	commercial	VCC 24724 (NG T7 SWCVng)	NG	TOG	2659114.5374806607
2014	1	commercial	VCC 24724 (NG T7 SWCVng)	NG	TOG	3672712.58137264
2015	1	commercial	VCC 24724 (NG T7 SWCVng)	NG	TOG	3415588.3502784017
2016	1	commercial	VCC 24724 (NG T7 SWCVng)	NG	TOG	3899224.3062760914
2017	1	commercial	VCC 24724 (NG T7 SWCVng)	NG	TOG	4381840.025054733
2018	1	commercial	VCC 24724 (NG T7 SWCVng)	NG	TOG	5384705.638177481
2019	1	commercial	VCC 24724 (NG T7 SWCVng)	NG	TOG	4991883.059807291
2020	1	commercial	VCC 24724 (NG T7 SWCVng)	NG	TOG	5480363.780453689
2010	1	industrial	VCC 21400 (GAS LHD1)	GAS	CH4	10382.283779175037
2011	1	industrial	VCC 21400 (GAS LHD1)	GAS	CH4	16637.70220893815
2012	1	industrial	VCC 21400 (GAS LHD1)	GAS	CH4	45454.79974222988
2013	1	industrial	VCC 21400 (GAS LHD1)	GAS	CH4	75124.30805771572
2014	1	industrial	VCC 21400 (GAS LHD1)	GAS	CH4	96223.54205146109
2015	1	industrial	VCC 21400 (GAS LHD1)	GAS	CH4	95259.73791149879
2016	1	industrial	VCC 21400 (GAS LHD1)	GAS	CH4	107220.04812867673
2017	1	industrial	VCC 21400 (GAS LHD1)	GAS	CH4	117370.50556784234
2018	1	industrial	VCC 21400 (GAS LHD1)	GAS	CH4	137603.17565122634
2019	1	industrial	VCC 21400 (GAS LHD1)	GAS	CH4	132306.53503974454
2020	1	industrial	VCC 21400 (GAS LHD1)	GAS	CH4	138950.0001230871
2010	1	industrial	VCC 21400 (GAS LHD1)	GAS	CO	1023435.9717393678
2011	1	industrial	VCC 21400 (GAS LHD1)	GAS	CO	1630264.3770113145
2012	1	industrial	VCC 21400 (GAS LHD1)	GAS	CO	4463253.746977748
2013	1	industrial	VCC 21400 (GAS LHD1)	GAS	CO	7380759.090086874
2014	1	industrial	VCC 21400 (GAS LHD1)	GAS	CO	9459902.008016283
2015	1	industrial	VCC 21400 (GAS LHD1)	GAS	CO	9366936.552058222
2016	1	industrial	VCC 21400 (GAS LHD1)	GAS	CO	1.06498476249263e7
2017	1	industrial	VCC 21400 (GAS LHD1)	GAS	CO	1.1859274463103482e7
2018	1	industrial	VCC 21400 (GAS LHD1)	GAS	CO	1.4466404583531275e7
2019	1	industrial	VCC 21400 (GAS LHD1)	GAS	CO	1.3974132567990178e7
2020	1	industrial	VCC 21400 (GAS LHD1)	GAS	CO	1.5284566045167947e7
2010	1	industrial	VCC 21400 (GAS LHD1)	GAS	CO2	6.826974436036854e8
2011	1	industrial	VCC 21400 (GAS LHD1)	GAS	CO2	1.0921548263650131e9
2012	1	industrial	VCC 21400 (GAS LHD1)	GAS	CO2	2.999180645353928e9
2013	1	industrial	VCC 21400 (GAS LHD1)	GAS	CO2	4.963296900633652e9
2014	1	industrial	VCC 21400 (GAS LHD1)	GAS	CO2	6.356249016854412e9
2015	1	industrial	VCC 21400 (GAS LHD1)	GAS	CO2	6.291549845443992e9
2016	1	industrial	VCC 21400 (GAS LHD1)	GAS	CO2	7.113756058615876e9
2017	1	industrial	VCC 21400 (GAS LHD1)	GAS	CO2	7.856909456960493e9
2018	1	industrial	VCC 21400 (GAS LHD1)	GAS	CO2	9.393484458564245e9
2019	1	industrial	VCC 21400 (GAS LHD1)	GAS	CO2	9.059751371207922e9
2020	1	industrial	VCC 21400 (GAS LHD1)	GAS	CO2	9.809653867168251e9
2010	1	industrial	VCC 21400 (GAS LHD1)	GAS	HC	197641.5739057817
2011	1	industrial	VCC 21400 (GAS LHD1)	GAS	HC	314618.38349532057
2012	1	industrial	VCC 21400 (GAS LHD1)	GAS	HC	847007.2658071921
2013	1	industrial	VCC 21400 (GAS LHD1)	GAS	HC	1397575.13386025
2014	1	industrial	VCC 21400 (GAS LHD1)	GAS	HC	1789004.9228596566
2015	1	industrial	VCC 21400 (GAS LHD1)	GAS	HC	1770802.0945240385
2016	1	industrial	VCC 21400 (GAS LHD1)	GAS	HC	2002852.4809353426
2017	1	industrial	VCC 21400 (GAS LHD1)	GAS	HC	2210992.230038227
2018	1	industrial	VCC 21400 (GAS LHD1)	GAS	HC	2645432.789269352
2019	1	industrial	VCC 21400 (GAS LHD1)	GAS	HC	2549817.312272314
2020	1	industrial	VCC 21400 (GAS LHD1)	GAS	HC	2734291.0191412615
2010	1	industrial	VCC 21400 (GAS LHD1)	GAS	NOx	385351.8056807743
2011	1	industrial	VCC 21400 (GAS LHD1)	GAS	NOx	613969.6927509243
2012	1	industrial	VCC 21400 (GAS LHD1)	GAS	NOx	1681615.8542125672
2013	1	industrial	VCC 21400 (GAS LHD1)	GAS	NOx	2784508.494230693
2014	1	industrial	VCC 21400 (GAS LHD1)	GAS	NOx	3572941.639686525
2015	1	industrial	VCC 21400 (GAS LHD1)	GAS	NOx	3538636.6171423947
2016	1	industrial	VCC 21400 (GAS LHD1)	GAS	NOx	3992711.8591764336
2017	1	industrial	VCC 21400 (GAS LHD1)	GAS	NOx	4382151.922190224
2018	1	industrial	VCC 21400 (GAS LHD1)	GAS	NOx	5158183.497981746
2019	1	industrial	VCC 21400 (GAS LHD1)	GAS	NOx	4961545.141894379
2020	1	industrial	VCC 21400 (GAS LHD1)	GAS	NOx	5223558.9457864165
2010	1	industrial	VCC 21400 (GAS LHD1)	GAS	PM	70864.19341903212
2011	1	industrial	VCC 21400 (GAS LHD1)	GAS	PM	112937.92274476608
2012	1	industrial	VCC 21400 (GAS LHD1)	GAS	PM	311673.7391259219
2013	1	industrial	VCC 21400 (GAS LHD1)	GAS	PM	516807.86530302337
2014	1	industrial	VCC 21400 (GAS LHD1)	GAS	PM	663731.5431346209
2015	1	industrial	VCC 21400 (GAS LHD1)	GAS	PM	657436.538407937
2016	1	industrial	VCC 21400 (GAS LHD1)	GAS	PM	748486.9623601085
2017	1	industrial	VCC 21400 (GAS LHD1)	GAS	PM	834192.4362656533
2018	1	industrial	VCC 21400 (GAS LHD1)	GAS	PM	1017963.2089553039
2019	1	industrial	VCC 21400 (GAS LHD1)	GAS	PM	983301.3812811098
2020	1	industrial	VCC 21400 (GAS LHD1)	GAS	PM	1074841.0669134585
2010	1	industrial	VCC 21400 (GAS LHD1)	GAS	PM10	69555.0209723345
2011	1	industrial	VCC 21400 (GAS LHD1)	GAS	PM10	110844.42440549255
2012	1	industrial	VCC 21400 (GAS LHD1)	GAS	PM10	305835.7659321629
2013	1	industrial	VCC 21400 (GAS LHD1)	GAS	PM10	507026.32641153474
2014	1	industrial	VCC 21400 (GAS LHD1)	GAS	PM10	651049.302425876
2015	1	industrial	VCC 21400 (GAS LHD1)	GAS	PM10	644851.848016065
2016	1	industrial	VCC 21400 (GAS LHD1)	GAS	PM10	734009.9747095499
2017	1	industrial	VCC 21400 (GAS LHD1)	GAS	PM10	817905.8543642636
2018	1	industrial	VCC 21400 (GAS LHD1)	GAS	PM10	997853.8448432691
2019	1	industrial	VCC 21400 (GAS LHD1)	GAS	PM10	963856.4941557646
2020	1	industrial	VCC 21400 (GAS LHD1)	GAS	PM10	1053466.5354445884
2010	1	industrial	VCC 21400 (GAS LHD1)	GAS	PM25	28755.18101363323
2011	1	industrial	VCC 21400 (GAS LHD1)	GAS	PM25	45861.2751910113
2012	1	industrial	VCC 21400 (GAS LHD1)	GAS	PM25	126850.8891866436
2013	1	industrial	VCC 21400 (GAS LHD1)	GAS	PM25	210821.4476555685
2014	1	industrial	VCC 21400 (GAS LHD1)	GAS	PM25	271326.2133124458
2015	1	industrial	VCC 21400 (GAS LHD1)	GAS	PM25	268860.97789902537
2016	1	industrial	VCC 21400 (GAS LHD1)	GAS	PM25	306806.85231435706
2017	1	industrial	VCC 21400 (GAS LHD1)	GAS	PM25	342660.1483417802
2018	1	industrial	VCC 21400 (GAS LHD1)	GAS	PM25	419264.38584359526
2019	1	industrial	VCC 21400 (GAS LHD1)	GAS	PM25	405084.6558508815
2020	1	industrial	VCC 21400 (GAS LHD1)	GAS	PM25	443363.6705557646
2010	1	industrial	VCC 21400 (GAS LHD1)	GAS	ROG	197882.1568232058
2011	1	industrial	VCC 21400 (GAS LHD1)	GAS	ROG	314887.06665169296
2012	1	industrial	VCC 21400 (GAS LHD1)	GAS	ROG	846881.8162745773
2013	1	industrial	VCC 21400 (GAS LHD1)	GAS	ROG	1397203.8941338893
2014	1	industrial	VCC 21400 (GAS LHD1)	GAS	ROG	1788440.760232362
2015	1	industrial	VCC 21400 (GAS LHD1)	GAS	ROG	1770219.9589286393
2016	1	industrial	VCC 21400 (GAS LHD1)	GAS	ROG	2002845.8892284746
2017	1	industrial	VCC 21400 (GAS LHD1)	GAS	ROG	2212242.7468370944
2018	1	industrial	VCC 21400 (GAS LHD1)	GAS	ROG	2650548.6385810655
2019	1	industrial	VCC 21400 (GAS LHD1)	GAS	ROG	2555162.803775751
2020	1	industrial	VCC 21400 (GAS LHD1)	GAS	ROG	2743794.635639415
2010	1	industrial	VCC 21400 (GAS LHD1)	GAS	TOG	210236.68293322908
2011	1	industrial	VCC 21400 (GAS LHD1)	GAS	TOG	334677.9219940752
2012	1	industrial	VCC 21400 (GAS LHD1)	GAS	TOG	900948.3665327558
2013	1	industrial	VCC 21400 (GAS LHD1)	GAS	TOG	1486562.539183464
2014	1	industrial	VCC 21400 (GAS LHD1)	GAS	TOG	1902900.037266459
2015	1	industrial	VCC 21400 (GAS LHD1)	GAS	TOG	1883533.828784825
2016	1	industrial	VCC 21400 (GAS LHD1)	GAS	TOG	2130393.82968548
2017	1	industrial	VCC 21400 (GAS LHD1)	GAS	TOG	2351873.303325809
2018	1	industrial	VCC 21400 (GAS LHD1)	GAS	TOG	2814262.796597377
2019	1	industrial	VCC 21400 (GAS LHD1)	GAS	TOG	2712576.540972699
2020	1	industrial	VCC 21400 (GAS LHD1)	GAS	TOG	2909120.375256221
2010	1	industrial	VCC 22400 (DSL LHD1)	DSL	CH4	42988.29386311565
2011	1	industrial	VCC 22400 (DSL LHD1)	DSL	CH4	62700.55396720434
2012	1	industrial	VCC 22400 (DSL LHD1)	DSL	CH4	128498.23164214549
2013	1	industrial	VCC 22400 (DSL LHD1)	DSL	CH4	163459.619128763
2014	1	industrial	VCC 22400 (DSL LHD1)	DSL	CH4	186181.83288302465
2015	1	industrial	VCC 22400 (DSL LHD1)	DSL	CH4	181290.4637144022
2016	1	industrial	VCC 22400 (DSL LHD1)	DSL	CH4	193248.32547883064
2017	1	industrial	VCC 22400 (DSL LHD1)	DSL	CH4	204724.92665963463
2018	1	industrial	VCC 22400 (DSL LHD1)	DSL	CH4	235067.0576786484
2019	1	industrial	VCC 22400 (DSL LHD1)	DSL	CH4	225789.65612938566
2020	1	industrial	VCC 22400 (DSL LHD1)	DSL	CH4	239896.1343177892
2010	1	industrial	VCC 22400 (DSL LHD1)	DSL	CO	4500948.23083383
2011	1	industrial	VCC 22400 (DSL LHD1)	DSL	CO	6572716.952951098
2012	1	industrial	VCC 22400 (DSL LHD1)	DSL	CO	1.3472304069216255e7
2013	1	industrial	VCC 22400 (DSL LHD1)	DSL	CO	1.7146767313755073e7
2014	1	industrial	VCC 22400 (DSL LHD1)	DSL	CO	1.9531761824361626e7
2015	1	industrial	VCC 22400 (DSL LHD1)	DSL	CO	1.901805365849881e7
2016	1	industrial	VCC 22400 (DSL LHD1)	DSL	CO	2.026686334727718e7
2017	1	industrial	VCC 22400 (DSL LHD1)	DSL	CO	2.1462263652929027e7
2018	1	industrial	VCC 22400 (DSL LHD1)	DSL	CO	2.4629327048900463e7
2019	1	industrial	VCC 22400 (DSL LHD1)	DSL	CO	2.3656055449863415e7
2020	1	industrial	VCC 22400 (DSL LHD1)	DSL	CO	2.5124541793397613e7
2010	1	industrial	VCC 22400 (DSL LHD1)	DSL	CO2	5.476315178915457e9
2011	1	industrial	VCC 22400 (DSL LHD1)	DSL	CO2	8.021527778161302e9
2012	1	industrial	VCC 22400 (DSL LHD1)	DSL	CO2	1.6435900079924227e10
2013	1	industrial	VCC 22400 (DSL LHD1)	DSL	CO2	2.191100922951584e10
2014	1	industrial	VCC 22400 (DSL LHD1)	DSL	CO2	2.550877091534761e10
2015	1	industrial	VCC 22400 (DSL LHD1)	DSL	CO2	2.4908380443138813e10
2016	1	industrial	VCC 22400 (DSL LHD1)	DSL	CO2	2.6806468206490784e10
2017	1	industrial	VCC 22400 (DSL LHD1)	DSL	CO2	2.8479329738008453e10
2018	1	industrial	VCC 22400 (DSL LHD1)	DSL	CO2	3.242171987652936e10
2019	1	industrial	VCC 22400 (DSL LHD1)	DSL	CO2	3.114180213118216e10
2020	1	industrial	VCC 22400 (DSL LHD1)	DSL	CO2	3.2955390851080875e10
2010	1	industrial	VCC 22400 (DSL LHD1)	DSL	HC	730828.0326445828
2011	1	industrial	VCC 22400 (DSL LHD1)	DSL	HC	1065948.7764180824
2012	1	industrial	VCC 22400 (DSL LHD1)	DSL	HC	2184550.7960499525
2013	1	industrial	VCC 22400 (DSL LHD1)	DSL	HC	2778916.292065053
2014	1	industrial	VCC 22400 (DSL LHD1)	DSL	HC	3165208.2046330124
2015	1	industrial	VCC 22400 (DSL LHD1)	DSL	HC	3082051.842170841
2016	1	industrial	VCC 22400 (DSL LHD1)	DSL	HC	3285342.9132772917
2017	1	industrial	VCC 22400 (DSL LHD1)	DSL	HC	3480452.33363247
2018	1	industrial	VCC 22400 (DSL LHD1)	DSL	HC	3996287.5335714784
2019	1	industrial	VCC 22400 (DSL LHD1)	DSL	HC	3838565.867136059
2020	1	industrial	VCC 22400 (DSL LHD1)	DSL	HC	4078384.7812934606
2010	1	industrial	VCC 22400 (DSL LHD1)	DSL	NOx	2670011.3875289513
2011	1	industrial	VCC 22400 (DSL LHD1)	DSL	NOx	3910821.881263814
2012	1	industrial	VCC 22400 (DSL LHD1)	DSL	NOx	8020827.8829348385
2013	1	industrial	VCC 22400 (DSL LHD1)	DSL	NOx	1.0546881223307136e7
2014	1	industrial	VCC 22400 (DSL LHD1)	DSL	NOx	1.222094130123264e7
2015	1	industrial	VCC 22400 (DSL LHD1)	DSL	NOx	1.1927540202178411e7
2016	1	industrial	VCC 22400 (DSL LHD1)	DSL	NOx	1.2664308272019945e7
2017	1	industrial	VCC 22400 (DSL LHD1)	DSL	NOx	1.315214286264298e7
2018	1	industrial	VCC 22400 (DSL LHD1)	DSL	NOx	1.4296625186666956e7
2019	1	industrial	VCC 22400 (DSL LHD1)	DSL	NOx	1.3654737080551242e7
2020	1	industrial	VCC 22400 (DSL LHD1)	DSL	NOx	1.378845285848323e7
2010	1	industrial	VCC 22400 (DSL LHD1)	DSL	PM	1017385.6224483976
2011	1	industrial	VCC 22400 (DSL LHD1)	DSL	PM	1491486.1239505103
2012	1	industrial	VCC 22400 (DSL LHD1)	DSL	PM	3056407.333739658
2013	1	industrial	VCC 22400 (DSL LHD1)	DSL	PM	4096912.5369054005
2014	1	industrial	VCC 22400 (DSL LHD1)	DSL	PM	4792674.624462004
2015	1	industrial	VCC 22400 (DSL LHD1)	DSL	PM	4683552.9157487145
2016	1	industrial	VCC 22400 (DSL LHD1)	DSL	PM	5079644.056014603
2017	1	industrial	VCC 22400 (DSL LHD1)	DSL	PM	5453770.486518369
2018	1	industrial	VCC 22400 (DSL LHD1)	DSL	PM	6357894.511984066
2019	1	industrial	VCC 22400 (DSL LHD1)	DSL	PM	6116678.681722002
2020	1	industrial	VCC 22400 (DSL LHD1)	DSL	PM	6520643.182756389
2010	1	industrial	VCC 22400 (DSL LHD1)	DSL	PM10	1001508.9027564245
2011	1	industrial	VCC 22400 (DSL LHD1)	DSL	PM10	1468211.0097193778
2012	1	industrial	VCC 22400 (DSL LHD1)	DSL	PM10	3008713.5512111676
2013	1	industrial	VCC 22400 (DSL LHD1)	DSL	PM10	4032873.224629756
2014	1	industrial	VCC 22400 (DSL LHD1)	DSL	PM10	4717694.690267944
2015	1	industrial	VCC 22400 (DSL LHD1)	DSL	PM10	4610271.253936414
2016	1	industrial	VCC 22400 (DSL LHD1)	DSL	PM10	5000116.822945277
2017	1	industrial	VCC 22400 (DSL LHD1)	DSL	PM10	5368344.067866492
2018	1	industrial	VCC 22400 (DSL LHD1)	DSL	PM10	6258126.986186926
2019	1	industrial	VCC 22400 (DSL LHD1)	DSL	PM10	6020662.134753779
2020	1	industrial	VCC 22400 (DSL LHD1)	DSL	PM10	6417914.276173038
2010	1	industrial	VCC 22400 (DSL LHD1)	DSL	PM25	490123.6961507458
2011	1	industrial	VCC 22400 (DSL LHD1)	DSL	PM25	718527.1421225064
2012	1	industrial	VCC 22400 (DSL LHD1)	DSL	PM25	1472547.2916084377
2013	1	industrial	VCC 22400 (DSL LHD1)	DSL	PM25	1968532.2023341
2014	1	industrial	VCC 22400 (DSL LHD1)	DSL	PM25	2299658.9613542226
2015	1	industrial	VCC 22400 (DSL LHD1)	DSL	PM25	2246864.371437312
2016	1	industrial	VCC 22400 (DSL LHD1)	DSL	PM25	2434534.1775399516
2017	1	industrial	VCC 22400 (DSL LHD1)	DSL	PM25	2611799.224748938
2018	1	industrial	VCC 22400 (DSL LHD1)	DSL	PM25	3036032.377614438
2019	1	industrial	VCC 22400 (DSL LHD1)	DSL	PM25	2919177.920252751
2020	1	industrial	VCC 22400 (DSL LHD1)	DSL	PM25	3093838.386915669
2010	1	industrial	VCC 22400 (DSL LHD1)	DSL	ROG	925512.757965047
2011	1	industrial	VCC 22400 (DSL LHD1)	DSL	ROG	1349906.0744099575
2012	1	industrial	VCC 22400 (DSL LHD1)	DSL	ROG	2766491.695175873
2013	1	industrial	VCC 22400 (DSL LHD1)	DSL	ROG	3519189.77764796
2014	1	industrial	VCC 22400 (DSL LHD1)	DSL	ROG	4008385.718194457
2015	1	industrial	VCC 22400 (DSL LHD1)	DSL	ROG	3903077.3971544015
2016	1	industrial	VCC 22400 (DSL LHD1)	DSL	ROG	4160523.0397943696
2017	1	industrial	VCC 22400 (DSL LHD1)	DSL	ROG	4407607.5173148895
2018	1	industrial	VCC 22400 (DSL LHD1)	DSL	ROG	5060855.66761997
2019	1	industrial	VCC 22400 (DSL LHD1)	DSL	ROG	4861118.64165768
2020	1	industrial	VCC 22400 (DSL LHD1)	DSL	ROG	5164822.746560106
2010	1	industrial	VCC 22400 (DSL LHD1)	DSL	TOG	1053634.764079828
2011	1	industrial	VCC 22400 (DSL LHD1)	DSL	TOG	1536778.3457450457
2012	1	industrial	VCC 22400 (DSL LHD1)	DSL	TOG	3149466.889963224
2013	1	industrial	VCC 22400 (DSL LHD1)	DSL	TOG	4006363.6167384107
2014	1	industrial	VCC 22400 (DSL LHD1)	DSL	TOG	4563280.665602581
2015	1	industrial	VCC 22400 (DSL LHD1)	DSL	TOG	4443394.139256234
2016	1	industrial	VCC 22400 (DSL LHD1)	DSL	TOG	4736478.89750915
2017	1	industrial	VCC 22400 (DSL LHD1)	DSL	TOG	5017768.150212695
2018	1	industrial	VCC 22400 (DSL LHD1)	DSL	TOG	5761447.756987181
2019	1	industrial	VCC 22400 (DSL LHD1)	DSL	TOG	5534060.4302955875
2020	1	industrial	VCC 22400 (DSL LHD1)	DSL	TOG	5879807.342573698
2010	2	agricultural	VCC 22601 (DSL T6 Ag)	DSL	CH4	2.733591464089697
2011	2	agricultural	VCC 22601 (DSL T6 Ag)	DSL	CH4	13.46876768938527
2012	2	agricultural	VCC 22601 (DSL T6 Ag)	DSL	CH4	13.010104094227803
2013	2	agricultural	VCC 22601 (DSL T6 Ag)	DSL	CH4	12.553925728612743
2014	2	agricultural	VCC 22601 (DSL T6 Ag)	DSL	CH4	11.444731180950232
2015	2	agricultural	VCC 22601 (DSL T6 Ag)	DSL	CH4	10.3779946295307
2016	2	agricultural	VCC 22601 (DSL T6 Ag)	DSL	CH4	9.570988257635785
2017	2	agricultural	VCC 22601 (DSL T6 Ag)	DSL	CH4	8.910064515696583
2018	2	agricultural	VCC 22601 (DSL T6 Ag)	DSL	CH4	8.543997144489706
2019	2	agricultural	VCC 22601 (DSL T6 Ag)	DSL	CH4	8.319161061688405
2020	2	agricultural	VCC 22601 (DSL T6 Ag)	DSL	CH4	7.763875955832801
2010	2	agricultural	VCC 22601 (DSL T6 Ag)	DSL	CO	156.41881388416374
2011	2	agricultural	VCC 22601 (DSL T6 Ag)	DSL	CO	1121.304187015368
2012	2	agricultural	VCC 22601 (DSL T6 Ag)	DSL	CO	1095.3071077061347
2013	2	agricultural	VCC 22601 (DSL T6 Ag)	DSL	CO	1060.4907998216086
2014	2	agricultural	VCC 22601 (DSL T6 Ag)	DSL	CO	968.252144243911
2015	2	agricultural	VCC 22601 (DSL T6 Ag)	DSL	CO	877.0342795855653
2016	2	agricultural	VCC 22601 (DSL T6 Ag)	DSL	CO	808.4152221612276
2017	2	agricultural	VCC 22601 (DSL T6 Ag)	DSL	CO	751.1706684485177
2018	2	agricultural	VCC 22601 (DSL T6 Ag)	DSL	CO	718.814577759292
2019	2	agricultural	VCC 22601 (DSL T6 Ag)	DSL	CO	701.2222838301666
2020	2	agricultural	VCC 22601 (DSL T6 Ag)	DSL	CO	657.7356772393226
2010	2	agricultural	VCC 22601 (DSL T6 Ag)	DSL	CO2	586257.5006637031
2011	2	agricultural	VCC 22601 (DSL T6 Ag)	DSL	CO2	5455627.405029137
2012	2	agricultural	VCC 22601 (DSL T6 Ag)	DSL	CO2	5276598.19125163
2013	2	agricultural	VCC 22601 (DSL T6 Ag)	DSL	CO2	5122188.343833761
2014	2	agricultural	VCC 22601 (DSL T6 Ag)	DSL	CO2	4675076.043660872
2015	2	agricultural	VCC 22601 (DSL T6 Ag)	DSL	CO2	4231986.064384416
2016	2	agricultural	VCC 22601 (DSL T6 Ag)	DSL	CO2	3901115.39232617
2017	2	agricultural	VCC 22601 (DSL T6 Ag)	DSL	CO2	3621844.441068936
2018	2	agricultural	VCC 22601 (DSL T6 Ag)	DSL	CO2	3463954.473148134
2019	2	agricultural	VCC 22601 (DSL T6 Ag)	DSL	CO2	3383443.0276676775
2020	2	agricultural	VCC 22601 (DSL T6 Ag)	DSL	CO2	3179504.851533845
2010	2	agricultural	VCC 22601 (DSL T6 Ag)	DSL	HC	46.47304090686353
2011	2	agricultural	VCC 22601 (DSL T6 Ag)	DSL	HC	228.9788489745768
2012	2	agricultural	VCC 22601 (DSL T6 Ag)	DSL	HC	221.18123414289735
2013	2	agricultural	VCC 22601 (DSL T6 Ag)	DSL	HC	213.42587022632094
2014	2	agricultural	VCC 22601 (DSL T6 Ag)	DSL	HC	194.56875601182506
2015	2	agricultural	VCC 22601 (DSL T6 Ag)	DSL	HC	176.43345855970006
2016	2	agricultural	VCC 22601 (DSL T6 Ag)	DSL	HC	162.7137631430019
2017	2	agricultural	VCC 22601 (DSL T6 Ag)	DSL	HC	151.47757866795067
2018	2	agricultural	VCC 22601 (DSL T6 Ag)	DSL	HC	145.2541670066153
2019	2	agricultural	VCC 22601 (DSL T6 Ag)	DSL	HC	141.43179009054222
2020	2	agricultural	VCC 22601 (DSL T6 Ag)	DSL	HC	131.9915394385524
2010	2	agricultural	VCC 22601 (DSL T6 Ag)	DSL	NOx	2113.6855973669713
2011	2	agricultural	VCC 22601 (DSL T6 Ag)	DSL	NOx	11822.294559768905
2012	2	agricultural	VCC 22601 (DSL T6 Ag)	DSL	NOx	11837.185704370595
2013	2	agricultural	VCC 22601 (DSL T6 Ag)	DSL	NOx	11417.20252091557
2014	2	agricultural	VCC 22601 (DSL T6 Ag)	DSL	NOx	10437.706964447974
2015	2	agricultural	VCC 22601 (DSL T6 Ag)	DSL	NOx	9462.011612051847
2016	2	agricultural	VCC 22601 (DSL T6 Ag)	DSL	NOx	8718.79602167557
2017	2	agricultural	VCC 22601 (DSL T6 Ag)	DSL	NOx	8108.725607801148
2018	2	agricultural	VCC 22601 (DSL T6 Ag)	DSL	NOx	7761.29320914361
2019	2	agricultural	VCC 22601 (DSL T6 Ag)	DSL	NOx	7558.107972011823
2020	2	agricultural	VCC 22601 (DSL T6 Ag)	DSL	NOx	7077.6590703735965
2010	2	agricultural	VCC 22601 (DSL T6 Ag)	DSL	PM	75.64008794787237
2011	2	agricultural	VCC 22601 (DSL T6 Ag)	DSL	PM	645.7254279979995
2012	2	agricultural	VCC 22601 (DSL T6 Ag)	DSL	PM	623.0528254499025
2013	2	agricultural	VCC 22601 (DSL T6 Ag)	DSL	PM	604.5353092261709
2014	2	agricultural	VCC 22601 (DSL T6 Ag)	DSL	PM	551.6132180480588
2015	2	agricultural	VCC 22601 (DSL T6 Ag)	DSL	PM	499.41418216712634
2016	2	agricultural	VCC 22601 (DSL T6 Ag)	DSL	PM	460.4110076077603
2017	2	agricultural	VCC 22601 (DSL T6 Ag)	DSL	PM	427.57526438847555
2018	2	agricultural	VCC 22601 (DSL T6 Ag)	DSL	PM	409.0734107400915
2019	2	agricultural	VCC 22601 (DSL T6 Ag)	DSL	PM	399.45679924704956
2020	2	agricultural	VCC 22601 (DSL T6 Ag)	DSL	PM	375.0824313004916
2010	2	agricultural	VCC 22601 (DSL T6 Ag)	DSL	PM10	74.35645118341627
2011	2	agricultural	VCC 22601 (DSL T6 Ag)	DSL	PM10	634.2707124829412
2012	2	agricultural	VCC 22601 (DSL T6 Ag)	DSL	PM10	611.9973245603384
2013	2	agricultural	VCC 22601 (DSL T6 Ag)	DSL	PM10	593.8051006714197
2014	2	agricultural	VCC 22601 (DSL T6 Ag)	DSL	PM10	541.8216054912684
2015	2	agricultural	VCC 22601 (DSL T6 Ag)	DSL	PM10	490.54995129356325
2016	2	agricultural	VCC 22601 (DSL T6 Ag)	DSL	PM10	452.23928658611806
2017	2	agricultural	VCC 22601 (DSL T6 Ag)	DSL	PM10	419.9874438438524
2018	2	agricultural	VCC 22601 (DSL T6 Ag)	DSL	PM10	401.8149853131323
2019	2	agricultural	VCC 22601 (DSL T6 Ag)	DSL	PM10	392.3678493886412
2020	2	agricultural	VCC 22601 (DSL T6 Ag)	DSL	PM10	368.4235474126521
2010	2	agricultural	VCC 22601 (DSL T6 Ag)	DSL	PM25	35.29541328722439
2011	2	agricultural	VCC 22601 (DSL T6 Ag)	DSL	PM25	279.38552255861936
2012	2	agricultural	VCC 22601 (DSL T6 Ag)	DSL	PM25	269.44412252089813
2013	2	agricultural	VCC 22601 (DSL T6 Ag)	DSL	PM25	261.2910726915243
2014	2	agricultural	VCC 22601 (DSL T6 Ag)	DSL	PM25	238.38427306059518
2015	2	agricultural	VCC 22601 (DSL T6 Ag)	DSL	PM25	215.8615037854149
2016	2	agricultural	VCC 22601 (DSL T6 Ag)	DSL	PM25	199.01344896274355
2017	2	agricultural	VCC 22601 (DSL T6 Ag)	DSL	PM25	184.86902187327914
2018	2	agricultural	VCC 22601 (DSL T6 Ag)	DSL	PM25	176.9161736658089
2019	2	agricultural	VCC 22601 (DSL T6 Ag)	DSL	PM25	172.70606949061573
2020	2	agricultural	VCC 22601 (DSL T6 Ag)	DSL	PM25	162.05767130217578
2010	2	agricultural	VCC 22601 (DSL T6 Ag)	DSL	ROG	58.85347152419719
2011	2	agricultural	VCC 22601 (DSL T6 Ag)	DSL	ROG	289.9790141176248
2012	2	agricultural	VCC 22601 (DSL T6 Ag)	DSL	ROG	280.1040973318785
2013	2	agricultural	VCC 22601 (DSL T6 Ag)	DSL	ROG	270.2827002915507
2014	2	agricultural	VCC 22601 (DSL T6 Ag)	DSL	ROG	246.40203470221496
2015	2	agricultural	VCC 22601 (DSL T6 Ag)	DSL	ROG	223.4354784744859
2016	2	agricultural	VCC 22601 (DSL T6 Ag)	DSL	ROG	206.060844876917
2017	2	agricultural	VCC 22601 (DSL T6 Ag)	DSL	ROG	191.83133105578185
2018	2	agricultural	VCC 22601 (DSL T6 Ag)	DSL	ROG	183.94999713134288
2019	2	agricultural	VCC 22601 (DSL T6 Ag)	DSL	ROG	179.10933654489364
2020	2	agricultural	VCC 22601 (DSL T6 Ag)	DSL	ROG	167.15419613190886
2010	2	agricultural	VCC 22601 (DSL T6 Ag)	DSL	TOG	67.00019008984923
2011	2	agricultural	VCC 22601 (DSL T6 Ag)	DSL	TOG	330.1188408235452
2012	2	agricultural	VCC 22601 (DSL T6 Ag)	DSL	TOG	318.87701584022415
2013	2	agricultural	VCC 22601 (DSL T6 Ag)	DSL	TOG	307.6961067378549
2014	2	agricultural	VCC 22601 (DSL T6 Ag)	DSL	TOG	280.5098023964359
2015	2	agricultural	VCC 22601 (DSL T6 Ag)	DSL	TOG	254.36414155025525
2016	2	agricultural	VCC 22601 (DSL T6 Ag)	DSL	TOG	234.58445481435618
2017	2	agricultural	VCC 22601 (DSL T6 Ag)	DSL	TOG	218.38524612037185
2018	2	agricultural	VCC 22601 (DSL T6 Ag)	DSL	TOG	209.41295272488674
2019	2	agricultural	VCC 22601 (DSL T6 Ag)	DSL	TOG	203.90223142248624
2020	2	agricultural	VCC 22601 (DSL T6 Ag)	DSL	TOG	190.29222067034723
2010	2	commercial	VCC 21400 (GAS LHD1)	GAS	CH4	1515.739104409725
2011	2	commercial	VCC 21400 (GAS LHD1)	GAS	CH4	103056.39128400847
2012	2	commercial	VCC 21400 (GAS LHD1)	GAS	CH4	207397.87391243968
2013	2	commercial	VCC 21400 (GAS LHD1)	GAS	CH4	199298.70343353107
2014	2	commercial	VCC 21400 (GAS LHD1)	GAS	CH4	237720.2407269308
2015	2	commercial	VCC 21400 (GAS LHD1)	GAS	CH4	289640.9661920268
2016	2	commercial	VCC 21400 (GAS LHD1)	GAS	CH4	309862.31665224873
2017	2	commercial	VCC 21400 (GAS LHD1)	GAS	CH4	315129.4624287288
2018	2	commercial	VCC 21400 (GAS LHD1)	GAS	CH4	327028.45368945843
2019	2	commercial	VCC 21400 (GAS LHD1)	GAS	CH4	330518.3884317757
2020	2	commercial	VCC 21400 (GAS LHD1)	GAS	CH4	337055.5935162536
2010	2	commercial	VCC 21400 (GAS LHD1)	GAS	CO	149414.32503862723
2011	2	commercial	VCC 21400 (GAS LHD1)	GAS	CO	1.001345574676417e7
2012	2	commercial	VCC 21400 (GAS LHD1)	GAS	CO	2.0287654405366607e7
2013	2	commercial	VCC 21400 (GAS LHD1)	GAS	CO	1.9502605552307613e7
2014	2	commercial	VCC 21400 (GAS LHD1)	GAS	CO	2.329917805494406e7
2015	2	commercial	VCC 21400 (GAS LHD1)	GAS	CO	2.8438189021796513e7
2016	2	commercial	VCC 21400 (GAS LHD1)	GAS	CO	3.0728578164426766e7
2017	2	commercial	VCC 21400 (GAS LHD1)	GAS	CO	3.162549371803349e7
2018	2	commercial	VCC 21400 (GAS LHD1)	GAS	CO	3.358582515112579e7
2019	2	commercial	VCC 21400 (GAS LHD1)	GAS	CO	3.478403873389469e7
2020	2	commercial	VCC 21400 (GAS LHD1)	GAS	CO	3.676894507373352e7
2010	2	commercial	VCC 21400 (GAS LHD1)	GAS	CO2	9.966893929698405e7
2011	2	commercial	VCC 21400 (GAS LHD1)	GAS	CO2	6.748785133917504e9
2012	2	commercial	VCC 21400 (GAS LHD1)	GAS	CO2	1.3662811966183483e10
2013	2	commercial	VCC 21400 (GAS LHD1)	GAS	CO2	1.3133736961957277e10
2014	2	commercial	VCC 21400 (GAS LHD1)	GAS	CO2	1.5672085097768847e10
2015	2	commercial	VCC 21400 (GAS LHD1)	GAS	CO2	1.9075812525469143e10
2016	2	commercial	VCC 21400 (GAS LHD1)	GAS	CO2	2.050887028485671e10
2017	2	commercial	VCC 21400 (GAS LHD1)	GAS	CO2	2.0992491971519234e10
2018	2	commercial	VCC 21400 (GAS LHD1)	GAS	CO2	2.2036632926923717e10
2019	2	commercial	VCC 21400 (GAS LHD1)	GAS	CO2	2.2640504340641563e10
2020	2	commercial	VCC 21400 (GAS LHD1)	GAS	CO2	2.37226177979221e10
2010	2	commercial	VCC 21400 (GAS LHD1)	GAS	HC	28854.25486317055
2011	2	commercial	VCC 21400 (GAS LHD1)	GAS	HC	1930622.1216121328
2012	2	commercial	VCC 21400 (GAS LHD1)	GAS	HC	3855543.322122889
2013	2	commercial	VCC 21400 (GAS LHD1)	GAS	HC	3704952.057878612
2014	2	commercial	VCC 21400 (GAS LHD1)	GAS	HC	4418274.152213711
2015	2	commercial	VCC 21400 (GAS LHD1)	GAS	HC	5381303.539315108
2016	2	commercial	VCC 21400 (GAS LHD1)	GAS	HC	5784699.227864628
2017	2	commercial	VCC 21400 (GAS LHD1)	GAS	HC	5917890.00214575
2018	2	commercial	VCC 21400 (GAS LHD1)	GAS	HC	6214004.806351374
2019	2	commercial	VCC 21400 (GAS LHD1)	GAS	HC	6359321.858421592
2020	2	commercial	VCC 21400 (GAS LHD1)	GAS	HC	6604903.24881345
2010	2	commercial	VCC 21400 (GAS LHD1)	GAS	NOx	56258.60487427926
2011	2	commercial	VCC 21400 (GAS LHD1)	GAS	NOx	3772273.951804905
2012	2	commercial	VCC 21400 (GAS LHD1)	GAS	NOx	7644371.358192008
2013	2	commercial	VCC 21400 (GAS LHD1)	GAS	NOx	7350710.48788945
2014	2	commercial	VCC 21400 (GAS LHD1)	GAS	NOx	8793083.343587196
2015	2	commercial	VCC 21400 (GAS LHD1)	GAS	NOx	1.0751005396988707e7
2016	2	commercial	VCC 21400 (GAS LHD1)	GAS	NOx	1.1527294705594124e7
2017	2	commercial	VCC 21400 (GAS LHD1)	GAS	NOx	1.1743403839937136e7
2018	2	commercial	VCC 21400 (GAS LHD1)	GAS	NOx	1.2214752006744955e7
2019	2	commercial	VCC 21400 (GAS LHD1)	GAS	NOx	1.2367998294358047e7
2020	2	commercial	VCC 21400 (GAS LHD1)	GAS	NOx	1.2640960022910979e7
2010	2	commercial	VCC 21400 (GAS LHD1)	GAS	PM	10345.664918457474
2011	2	commercial	VCC 21400 (GAS LHD1)	GAS	PM	694177.4535721837
2012	2	commercial	VCC 21400 (GAS LHD1)	GAS	PM	1415905.3679547186
2013	2	commercial	VCC 21400 (GAS LHD1)	GAS	PM	1361874.1046176485
2014	2	commercial	VCC 21400 (GAS LHD1)	GAS	PM	1631047.1029143645
2015	2	commercial	VCC 21400 (GAS LHD1)	GAS	PM	1995739.1538178208
2016	2	commercial	VCC 21400 (GAS LHD1)	GAS	PM	2158928.0970852473
2017	2	commercial	VCC 21400 (GAS LHD1)	GAS	PM	2222973.535767941
2018	2	commercial	VCC 21400 (GAS LHD1)	GAS	PM	2361253.7373514683
2019	2	commercial	VCC 21400 (GAS LHD1)	GAS	PM	2445176.570207067
2020	2	commercial	VCC 21400 (GAS LHD1)	GAS	PM	2583484.171175078
2010	2	commercial	VCC 21400 (GAS LHD1)	GAS	PM10	10154.535113678337
2011	2	commercial	VCC 21400 (GAS LHD1)	GAS	PM10	681248.5513756084
2012	2	commercial	VCC 21400 (GAS LHD1)	GAS	PM10	1389361.455988788
2013	2	commercial	VCC 21400 (GAS LHD1)	GAS	PM10	1336286.727476991
2014	2	commercial	VCC 21400 (GAS LHD1)	GAS	PM10	1600070.9887557025
2015	2	commercial	VCC 21400 (GAS LHD1)	GAS	PM10	1957328.4439387566
2016	2	commercial	VCC 21400 (GAS LHD1)	GAS	PM10	2117038.443201358
2017	2	commercial	VCC 21400 (GAS LHD1)	GAS	PM10	2179608.3732026564
2018	2	commercial	VCC 21400 (GAS LHD1)	GAS	PM10	2314898.213567714
2019	2	commercial	VCC 21400 (GAS LHD1)	GAS	PM10	2396953.034224079
2020	2	commercial	VCC 21400 (GAS LHD1)	GAS	PM10	2532280.944878014
2010	2	commercial	VCC 21400 (GAS LHD1)	GAS	PM25	4198.050568042478
2011	2	commercial	VCC 21400 (GAS LHD1)	GAS	PM25	282178.81470918073
2012	2	commercial	VCC 21400 (GAS LHD1)	GAS	PM25	576379.1570253517
2013	2	commercial	VCC 21400 (GAS LHD1)	GAS	PM25	554652.5349639459
2014	2	commercial	VCC 21400 (GAS LHD1)	GAS	PM25	665855.0713837026
2015	2	commercial	VCC 21400 (GAS LHD1)	GAS	PM25	817154.3525771894
2016	2	commercial	VCC 21400 (GAS LHD1)	GAS	PM25	885580.0434823332
2017	2	commercial	VCC 21400 (GAS LHD1)	GAS	PM25	912958.3622273386
2018	2	commercial	VCC 21400 (GAS LHD1)	GAS	PM25	971141.4946844155
2019	2	commercial	VCC 21400 (GAS LHD1)	GAS	PM25	1006705.7952916042
2020	2	commercial	VCC 21400 (GAS LHD1)	GAS	PM25	1064846.9056551978
2010	2	commercial	VCC 21400 (GAS LHD1)	GAS	ROG	28889.378246767916
2011	2	commercial	VCC 21400 (GAS LHD1)	GAS	ROG	1931277.2078718685
2012	2	commercial	VCC 21400 (GAS LHD1)	GAS	ROG	3854547.3499706723
2013	2	commercial	VCC 21400 (GAS LHD1)	GAS	ROG	3703975.5021495633
2014	2	commercial	VCC 21400 (GAS LHD1)	GAS	ROG	4416955.957596318
2015	2	commercial	VCC 21400 (GAS LHD1)	GAS	ROG	5379436.643639166
2016	2	commercial	VCC 21400 (GAS LHD1)	GAS	ROG	5784545.592384485
2017	2	commercial	VCC 21400 (GAS LHD1)	GAS	ROG	5920096.538106437
2018	2	commercial	VCC 21400 (GAS LHD1)	GAS	ROG	6221264.144577045
2019	2	commercial	VCC 21400 (GAS LHD1)	GAS	ROG	6372085.776958789
2020	2	commercial	VCC 21400 (GAS LHD1)	GAS	ROG	6626167.753870744
2010	2	commercial	VCC 21400 (GAS LHD1)	GAS	TOG	30693.050612088413
2011	2	commercial	VCC 21400 (GAS LHD1)	GAS	TOG	2053800.936929708
2012	2	commercial	VCC 21400 (GAS LHD1)	GAS	TOG	4101185.3104055305
2013	2	commercial	VCC 21400 (GAS LHD1)	GAS	TOG	3940986.558754326
2014	2	commercial	VCC 21400 (GAS LHD1)	GAS	TOG	4699682.159618203
2015	2	commercial	VCC 21400 (GAS LHD1)	GAS	TOG	5723946.058082085
2016	2	commercial	VCC 21400 (GAS LHD1)	GAS	TOG	6153128.013541387
2017	2	commercial	VCC 21400 (GAS LHD1)	GAS	TOG	6294959.50611846
2018	2	commercial	VCC 21400 (GAS LHD1)	GAS	TOG	6610301.6217608135
2019	2	commercial	VCC 21400 (GAS LHD1)	GAS	TOG	6765290.437599645
2020	2	commercial	VCC 21400 (GAS LHD1)	GAS	TOG	7027168.203224813
2010	2	commercial	VCC 24724 (NG T7 SWCVng)	ELEC	CH4	35290.34019636264
2011	2	commercial	VCC 24724 (NG T7 SWCVng)	ELEC	CH4	214757.9315808104
2012	2	commercial	VCC 24724 (NG T7 SWCVng)	ELEC	CH4	1.5416253935469564e7
2013	2	commercial	VCC 24724 (NG T7 SWCVng)	ELEC	CH4	1.3238914291585125e7
2014	2	commercial	VCC 24724 (NG T7 SWCVng)	ELEC	CH4	1.207874476770107e7
2015	2	commercial	VCC 24724 (NG T7 SWCVng)	ELEC	CH4	1.1461391903597623e7
2016	2	commercial	VCC 24724 (NG T7 SWCVng)	ELEC	CH4	1.278652457486204e7
2017	2	commercial	VCC 24724 (NG T7 SWCVng)	ELEC	CH4	1.1747497471617885e7
2018	2	commercial	VCC 24724 (NG T7 SWCVng)	ELEC	CH4	1.2739252934791904e7
2019	2	commercial	VCC 24724 (NG T7 SWCVng)	ELEC	CH4	1.1864791363646409e7
2020	2	commercial	VCC 24724 (NG T7 SWCVng)	ELEC	CH4	1.1308105847517356e7
2010	2	commercial	VCC 24724 (NG T7 SWCVng)	ELEC	CO	374305.1895292715
2011	2	commercial	VCC 24724 (NG T7 SWCVng)	ELEC	CO	3007567.798918845
2012	2	commercial	VCC 24724 (NG T7 SWCVng)	ELEC	CO	2.0544801300575122e7
2013	2	commercial	VCC 24724 (NG T7 SWCVng)	ELEC	CO	1.8642965685031366e7
2014	2	commercial	VCC 24724 (NG T7 SWCVng)	ELEC	CO	1.9533521757721886e7
2015	2	commercial	VCC 24724 (NG T7 SWCVng)	ELEC	CO	3.3158267322885778e7
2016	2	commercial	VCC 24724 (NG T7 SWCVng)	ELEC	CO	3.2168173361009546e7
2017	2	commercial	VCC 24724 (NG T7 SWCVng)	ELEC	CO	3.1126649143316824e7
2018	2	commercial	VCC 24724 (NG T7 SWCVng)	ELEC	CO	3.0813489123166736e7
2019	2	commercial	VCC 24724 (NG T7 SWCVng)	ELEC	CO	3.009978766659095e7
2020	2	commercial	VCC 24724 (NG T7 SWCVng)	ELEC	CO	2.9283779886895865e7
2010	2	commercial	VCC 24724 (NG T7 SWCVng)	ELEC	CO2	1.9871678278169505e7
2011	2	commercial	VCC 24724 (NG T7 SWCVng)	ELEC	CO2	7.083967847480483e8
2012	2	commercial	VCC 24724 (NG T7 SWCVng)	ELEC	CO2	4.1566814330153236e9
2013	2	commercial	VCC 24724 (NG T7 SWCVng)	ELEC	CO2	3.608770600610633e9
2014	2	commercial	VCC 24724 (NG T7 SWCVng)	ELEC	CO2	3.972998278829312e9
2015	2	commercial	VCC 24724 (NG T7 SWCVng)	ELEC	CO2	8.448414964126115e9
2016	2	commercial	VCC 24724 (NG T7 SWCVng)	ELEC	CO2	9.497166497185978e9
2017	2	commercial	VCC 24724 (NG T7 SWCVng)	ELEC	CO2	8.942699834871977e9
2018	2	commercial	VCC 24724 (NG T7 SWCVng)	ELEC	CO2	9.9481612605273e9
2019	2	commercial	VCC 24724 (NG T7 SWCVng)	ELEC	CO2	9.162061253107216e9
2020	2	commercial	VCC 24724 (NG T7 SWCVng)	ELEC	CO2	9.067678000547703e9
2010	2	commercial	VCC 24724 (NG T7 SWCVng)	ELEC	HC	1477.266947369762
2011	2	commercial	VCC 24724 (NG T7 SWCVng)	ELEC	HC	2321550.7225318165
2012	2	commercial	VCC 24724 (NG T7 SWCVng)	ELEC	HC	7175632.677887427
2013	2	commercial	VCC 24724 (NG T7 SWCVng)	ELEC	HC	6422276.989927102
2014	2	commercial	VCC 24724 (NG T7 SWCVng)	ELEC	HC	6265232.241323773
2015	2	commercial	VCC 24724 (NG T7 SWCVng)	ELEC	HC	1.1222134854993373e7
2016	2	commercial	VCC 24724 (NG T7 SWCVng)	ELEC	HC	1.0758189110773485e7
2017	2	commercial	VCC 24724 (NG T7 SWCVng)	ELEC	HC	1.003275200770812e7
2018	2	commercial	VCC 24724 (NG T7 SWCVng)	ELEC	HC	9820778.055835873
2019	2	commercial	VCC 24724 (NG T7 SWCVng)	ELEC	HC	9339567.049893694
2020	2	commercial	VCC 24724 (NG T7 SWCVng)	ELEC	HC	9319781.275927538
2010	2	commercial	VCC 24724 (NG T7 SWCVng)	ELEC	NOx	1577.2518374512824
2011	2	commercial	VCC 24724 (NG T7 SWCVng)	ELEC	NOx	134683.04111790404
2012	2	commercial	VCC 24724 (NG T7 SWCVng)	ELEC	NOx	2748049.449515756
2013	2	commercial	VCC 24724 (NG T7 SWCVng)	ELEC	NOx	2367166.6049904386
2014	2	commercial	VCC 24724 (NG T7 SWCVng)	ELEC	NOx	2212619.766864264
2015	2	commercial	VCC 24724 (NG T7 SWCVng)	ELEC	NOx	2289909.267859647
2016	2	commercial	VCC 24724 (NG T7 SWCVng)	ELEC	NOx	2481257.6882062596
2017	2	commercial	VCC 24724 (NG T7 SWCVng)	ELEC	NOx	2287939.8959186384
2018	2	commercial	VCC 24724 (NG T7 SWCVng)	ELEC	NOx	2194566.874408889
2019	2	commercial	VCC 24724 (NG T7 SWCVng)	ELEC	NOx	2096419.891878564
2020	2	commercial	VCC 24724 (NG T7 SWCVng)	ELEC	NOx	2024223.335796789
2010	2	commercial	VCC 24724 (NG T7 SWCVng)	ELEC	PM	625.2930758634258
2011	2	commercial	VCC 24724 (NG T7 SWCVng)	ELEC	PM	11868.134753519222
2012	2	commercial	VCC 24724 (NG T7 SWCVng)	ELEC	PM	37334.4322816692
2013	2	commercial	VCC 24724 (NG T7 SWCVng)	ELEC	PM	38753.86816151162
2014	2	commercial	VCC 24724 (NG T7 SWCVng)	ELEC	PM	39799.78722718196
2015	2	commercial	VCC 24724 (NG T7 SWCVng)	ELEC	PM	130226.35103007416
2016	2	commercial	VCC 24724 (NG T7 SWCVng)	ELEC	PM	149085.28162555513
2017	2	commercial	VCC 24724 (NG T7 SWCVng)	ELEC	PM	137195.2234339003
2018	2	commercial	VCC 24724 (NG T7 SWCVng)	ELEC	PM	145184.50034501022
2019	2	commercial	VCC 24724 (NG T7 SWCVng)	ELEC	PM	146087.88767837838
2020	2	commercial	VCC 24724 (NG T7 SWCVng)	ELEC	PM	144806.4666371975
2010	2	commercial	VCC 24724 (NG T7 SWCVng)	ELEC	PM10	1374.5306820729475
2011	2	commercial	VCC 24724 (NG T7 SWCVng)	ELEC	PM10	36197.978220107485
2012	2	commercial	VCC 24724 (NG T7 SWCVng)	ELEC	PM10	58717.62572485166
2013	2	commercial	VCC 24724 (NG T7 SWCVng)	ELEC	PM10	59625.300927965785
2014	2	commercial	VCC 24724 (NG T7 SWCVng)	ELEC	PM10	62968.65439742458
2015	2	commercial	VCC 24724 (NG T7 SWCVng)	ELEC	PM10	63311.40406507559
2016	2	commercial	VCC 24724 (NG T7 SWCVng)	ELEC	PM10	104343.70444643364
2017	2	commercial	VCC 24724 (NG T7 SWCVng)	ELEC	PM10	99282.5453351848
2018	2	commercial	VCC 24724 (NG T7 SWCVng)	ELEC	PM10	96691.94819815567
2019	2	commercial	VCC 24724 (NG T7 SWCVng)	ELEC	PM10	102537.13661252422
2020	2	commercial	VCC 24724 (NG T7 SWCVng)	ELEC	PM10	98544.59761848419
2010	2	commercial	VCC 24724 (NG T7 SWCVng)	ELEC	PM25	1035.7406977739624
2011	2	commercial	VCC 24724 (NG T7 SWCVng)	ELEC	PM25	1256.7124270704896
2012	2	commercial	VCC 24724 (NG T7 SWCVng)	ELEC	PM25	76955.51573679148
2013	2	commercial	VCC 24724 (NG T7 SWCVng)	ELEC	PM25	66473.45179590922
2014	2	commercial	VCC 24724 (NG T7 SWCVng)	ELEC	PM25	64646.403399688155
2015	2	commercial	VCC 24724 (NG T7 SWCVng)	ELEC	PM25	106555.55691541205
2016	2	commercial	VCC 24724 (NG T7 SWCVng)	ELEC	PM25	102108.85755894629
2017	2	commercial	VCC 24724 (NG T7 SWCVng)	ELEC	PM25	93023.89413183526
2018	2	commercial	VCC 24724 (NG T7 SWCVng)	ELEC	PM25	95367.01947444583
2019	2	commercial	VCC 24724 (NG T7 SWCVng)	ELEC	PM25	94894.74057014214
2020	2	commercial	VCC 24724 (NG T7 SWCVng)	ELEC	PM25	91524.18961675628
2010	2	commercial	VCC 24724 (NG T7 SWCVng)	ELEC	ROG	1412.1880344918875
2011	2	commercial	VCC 24724 (NG T7 SWCVng)	ELEC	ROG	4798.765051183703
2012	2	commercial	VCC 24724 (NG T7 SWCVng)	ELEC	ROG	140216.4854006049
2013	2	commercial	VCC 24724 (NG T7 SWCVng)	ELEC	ROG	119964.63045030527
2014	2	commercial	VCC 24724 (NG T7 SWCVng)	ELEC	ROG	120460.3705698887
2015	2	commercial	VCC 24724 (NG T7 SWCVng)	ELEC	ROG	133844.75281776063
2016	2	commercial	VCC 24724 (NG T7 SWCVng)	ELEC	ROG	141378.32812191415
2017	2	commercial	VCC 24724 (NG T7 SWCVng)	ELEC	ROG	134307.31808399386
2018	2	commercial	VCC 24724 (NG T7 SWCVng)	ELEC	ROG	130047.29960490538
2019	2	commercial	VCC 24724 (NG T7 SWCVng)	ELEC	ROG	124518.68519164836
2020	2	commercial	VCC 24724 (NG T7 SWCVng)	ELEC	ROG	118999.62463646379
2010	2	commercial	VCC 24724 (NG T7 SWCVng)	ELEC	TOG	16804.43140491583
2011	2	commercial	VCC 24724 (NG T7 SWCVng)	ELEC	TOG	955686.1957766685
2012	2	commercial	VCC 24724 (NG T7 SWCVng)	ELEC	TOG	1.0273148179623196e7
2013	2	commercial	VCC 24724 (NG T7 SWCVng)	ELEC	TOG	9013411.255195498
2014	2	commercial	VCC 24724 (NG T7 SWCVng)	ELEC	TOG	8393338.514208557
2015	2	commercial	VCC 24724 (NG T7 SWCVng)	ELEC	TOG	1.3455396092143852e7
2016	2	commercial	VCC 24724 (NG T7 SWCVng)	ELEC	TOG	1.2112238562118756e7
2017	2	commercial	VCC 24724 (NG T7 SWCVng)	ELEC	TOG	1.1079257262879856e7
2018	2	commercial	VCC 24724 (NG T7 SWCVng)	ELEC	TOG	1.241944457411893e7
2019	2	commercial	VCC 24724 (NG T7 SWCVng)	ELEC	TOG	1.1666575929298747e7
2020	2	commercial	VCC 24724 (NG T7 SWCVng)	ELEC	TOG	1.1207806515658284e7
2010	2	commercial	VCC 24724 (NG T7 SWCVng)	NG	CH4	37161.590908052596
2011	2	commercial	VCC 24724 (NG T7 SWCVng)	NG	CH4	1452250.2679823488
2012	2	commercial	VCC 24724 (NG T7 SWCVng)	NG	CH4	3746553.999560704
2013	2	commercial	VCC 24724 (NG T7 SWCVng)	NG	CH4	3649313.257852605
2014	2	commercial	VCC 24724 (NG T7 SWCVng)	NG	CH4	4623927.026775621
2015	2	commercial	VCC 24724 (NG T7 SWCVng)	NG	CH4	5700274.404477664
2016	2	commercial	VCC 24724 (NG T7 SWCVng)	NG	CH4	6099698.759822439
2017	2	commercial	VCC 24724 (NG T7 SWCVng)	NG	CH4	6250767.426114817
2018	2	commercial	VCC 24724 (NG T7 SWCVng)	NG	CH4	6577026.554484073
2019	2	commercial	VCC 24724 (NG T7 SWCVng)	NG	CH4	6779725.986333715
2020	2	commercial	VCC 24724 (NG T7 SWCVng)	NG	CH4	7137228.788548064
2010	2	commercial	VCC 24724 (NG T7 SWCVng)	NG	CO	137236.61013687638
2011	2	commercial	VCC 24724 (NG T7 SWCVng)	NG	CO	5359906.316460406
2012	2	commercial	VCC 24724 (NG T7 SWCVng)	NG	CO	1.3825905328644227e7
2013	2	commercial	VCC 24724 (NG T7 SWCVng)	NG	CO	1.3466991068076398e7
2014	2	commercial	VCC 24724 (NG T7 SWCVng)	NG	CO	1.7063321248283166e7
2015	2	commercial	VCC 24724 (NG T7 SWCVng)	NG	CO	2.103506889406784e7
2016	2	commercial	VCC 24724 (NG T7 SWCVng)	NG	CO	2.2508928191288058e7
2017	2	commercial	VCC 24724 (NG T7 SWCVng)	NG	CO	2.3066345456314176e7
2018	2	commercial	VCC 24724 (NG T7 SWCVng)	NG	CO	2.4270233212599583e7
2019	2	commercial	VCC 24724 (NG T7 SWCVng)	NG	CO	2.501817989233369e7
2020	2	commercial	VCC 24724 (NG T7 SWCVng)	NG	CO	2.633735654243931e7
2010	2	commercial	VCC 24724 (NG T7 SWCVng)	NG	CO2	3.506523058852158e7
2011	2	commercial	VCC 24724 (NG T7 SWCVng)	NG	CO2	1.3714867975687487e9
2012	2	commercial	VCC 24724 (NG T7 SWCVng)	NG	CO2	3.538196906204977e9
2013	2	commercial	VCC 24724 (NG T7 SWCVng)	NG	CO2	3.446374915870654e9
2014	2	commercial	VCC 24724 (NG T7 SWCVng)	NG	CO2	4.2104604978478017e9
2015	2	commercial	VCC 24724 (NG T7 SWCVng)	NG	CO2	5.071282579242811e9
2016	2	commercial	VCC 24724 (NG T7 SWCVng)	NG	CO2	5.376822009101196e9
2017	2	commercial	VCC 24724 (NG T7 SWCVng)	NG	CO2	5.463288355482293e9
2018	2	commercial	VCC 24724 (NG T7 SWCVng)	NG	CO2	5.698107531563398e9
2019	2	commercial	VCC 24724 (NG T7 SWCVng)	NG	CO2	5.837666903351876e9
2020	2	commercial	VCC 24724 (NG T7 SWCVng)	NG	CO2	6.103283797898236e9
2010	2	commercial	VCC 24724 (NG T7 SWCVng)	NG	HC	38002.13358528978
2011	2	commercial	VCC 24724 (NG T7 SWCVng)	NG	HC	1485098.1254955588
2012	2	commercial	VCC 24724 (NG T7 SWCVng)	NG	HC	3831295.762498555
2013	2	commercial	VCC 24724 (NG T7 SWCVng)	NG	HC	3731855.572156062
2014	2	commercial	VCC 24724 (NG T7 SWCVng)	NG	HC	4728513.723980647
2015	2	commercial	VCC 24724 (NG T7 SWCVng)	NG	HC	5829206.558982146
2016	2	commercial	VCC 24724 (NG T7 SWCVng)	NG	HC	6237665.324802367
2017	2	commercial	VCC 24724 (NG T7 SWCVng)	NG	HC	6392150.947250569
2018	2	commercial	VCC 24724 (NG T7 SWCVng)	NG	HC	6725789.595336111
2019	2	commercial	VCC 24724 (NG T7 SWCVng)	NG	HC	6933073.804629367
2020	2	commercial	VCC 24724 (NG T7 SWCVng)	NG	HC	7298662.811238637
2010	2	commercial	VCC 24724 (NG T7 SWCVng)	NG	NOx	13356.993287031035
2011	2	commercial	VCC 24724 (NG T7 SWCVng)	NG	NOx	350446.20914872433
2012	2	commercial	VCC 24724 (NG T7 SWCVng)	NG	NOx	795175.6487719694
2013	2	commercial	VCC 24724 (NG T7 SWCVng)	NG	NOx	770383.3625688141
2014	2	commercial	VCC 24724 (NG T7 SWCVng)	NG	NOx	959532.8741707989
2015	2	commercial	VCC 24724 (NG T7 SWCVng)	NG	NOx	1169685.743459175
2016	2	commercial	VCC 24724 (NG T7 SWCVng)	NG	NOx	1246047.0785419003
2017	2	commercial	VCC 24724 (NG T7 SWCVng)	NG	NOx	1273690.701832372
2018	2	commercial	VCC 24724 (NG T7 SWCVng)	NG	NOx	1336378.1175385413
2019	2	commercial	VCC 24724 (NG T7 SWCVng)	NG	NOx	1374764.6960293693
2020	2	commercial	VCC 24724 (NG T7 SWCVng)	NG	NOx	1443473.6820810772
2010	2	commercial	VCC 24724 (NG T7 SWCVng)	NG	PM	944.150336585668
2011	2	commercial	VCC 24724 (NG T7 SWCVng)	NG	PM	37104.05428334549
2012	2	commercial	VCC 24724 (NG T7 SWCVng)	NG	PM	95834.15640122251
2013	2	commercial	VCC 24724 (NG T7 SWCVng)	NG	PM	93351.14001029606
2014	2	commercial	VCC 24724 (NG T7 SWCVng)	NG	PM	118299.57366246021
2015	2	commercial	VCC 24724 (NG T7 SWCVng)	NG	PM	145850.91348382994
2016	2	commercial	VCC 24724 (NG T7 SWCVng)	NG	PM	156076.6966296041
2017	2	commercial	VCC 24724 (NG T7 SWCVng)	NG	PM	159945.53971999316
2018	2	commercial	VCC 24724 (NG T7 SWCVng)	NG	PM	168297.86906150187
2019	2	commercial	VCC 24724 (NG T7 SWCVng)	NG	PM	173487.62015559734
2020	2	commercial	VCC 24724 (NG T7 SWCVng)	NG	PM	182639.7679485338
2010	2	commercial	VCC 24724 (NG T7 SWCVng)	NG	PM10	932.3257139563726
2011	2	commercial	VCC 24724 (NG T7 SWCVng)	NG	PM10	36639.35701071153
2012	2	commercial	VCC 24724 (NG T7 SWCVng)	NG	PM10	94633.91710386233
2013	2	commercial	VCC 24724 (NG T7 SWCVng)	NG	PM10	92181.99869773572
2014	2	commercial	VCC 24724 (NG T7 SWCVng)	NG	PM10	116817.97590233546
2015	2	commercial	VCC 24724 (NG T7 SWCVng)	NG	PM10	144024.2574836195
2016	2	commercial	VCC 24724 (NG T7 SWCVng)	NG	PM10	154121.97310712538
2017	2	commercial	VCC 24724 (NG T7 SWCVng)	NG	PM10	157942.3631069687
2018	2	commercial	VCC 24724 (NG T7 SWCVng)	NG	PM10	166190.08546201652
2019	2	commercial	VCC 24724 (NG T7 SWCVng)	NG	PM10	171314.84227402697
2020	2	commercial	VCC 24724 (NG T7 SWCVng)	NG	PM10	180352.36668862437
2010	2	commercial	VCC 24724 (NG T7 SWCVng)	NG	PM25	355.0813845579239
2011	2	commercial	VCC 24724 (NG T7 SWCVng)	NG	PM25	13954.34047143695
2012	2	commercial	VCC 24724 (NG T7 SWCVng)	NG	PM25	36041.90333500369
2013	2	commercial	VCC 24724 (NG T7 SWCVng)	NG	PM25	35108.074625865345
2014	2	commercial	VCC 24724 (NG T7 SWCVng)	NG	PM25	44490.83891873285
2015	2	commercial	VCC 24724 (NG T7 SWCVng)	NG	PM25	54852.520464362664
2016	2	commercial	VCC 24724 (NG T7 SWCVng)	NG	PM25	58698.298470089205
2017	2	commercial	VCC 24724 (NG T7 SWCVng)	NG	PM25	60153.31745183375
2018	2	commercial	VCC 24724 (NG T7 SWCVng)	NG	PM25	63294.5140828721
2019	2	commercial	VCC 24724 (NG T7 SWCVng)	NG	PM25	65246.30702946479
2020	2	commercial	VCC 24724 (NG T7 SWCVng)	NG	PM25	68688.30545091274
2010	2	commercial	VCC 24724 (NG T7 SWCVng)	NG	ROG	530.9658469498025
2011	2	commercial	VCC 24724 (NG T7 SWCVng)	NG	ROG	20749.78964904688
2012	2	commercial	VCC 24724 (NG T7 SWCVng)	NG	ROG	53530.87157078792
2013	2	commercial	VCC 24724 (NG T7 SWCVng)	NG	ROG	52141.49204758352
2014	2	commercial	VCC 24724 (NG T7 SWCVng)	NG	ROG	66066.80125665132
2015	2	commercial	VCC 24724 (NG T7 SWCVng)	NG	ROG	81445.6795124018
2016	2	commercial	VCC 24724 (NG T7 SWCVng)	NG	ROG	87152.66379219452
2017	2	commercial	VCC 24724 (NG T7 SWCVng)	NG	ROG	89311.13700470817
2018	2	commercial	VCC 24724 (NG T7 SWCVng)	NG	ROG	93972.7351128856
2019	2	commercial	VCC 24724 (NG T7 SWCVng)	NG	ROG	96868.90989616908
2020	2	commercial	VCC 24724 (NG T7 SWCVng)	NG	ROG	101976.91909951712
2010	2	commercial	VCC 24724 (NG T7 SWCVng)	NG	TOG	37926.12941531551
2011	2	commercial	VCC 24724 (NG T7 SWCVng)	NG	TOG	1482127.9233156226
2012	2	commercial	VCC 24724 (NG T7 SWCVng)	NG	TOG	3823633.1650689654
2013	2	commercial	VCC 24724 (NG T7 SWCVng)	NG	TOG	3724391.8542111944
2014	2	commercial	VCC 24724 (NG T7 SWCVng)	NG	TOG	4719056.690246623
2015	2	commercial	VCC 24724 (NG T7 SWCVng)	NG	TOG	5817548.141953487
2016	2	commercial	VCC 24724 (NG T7 SWCVng)	NG	TOG	6225189.988890864
2017	2	commercial	VCC 24724 (NG T7 SWCVng)	NG	TOG	6379366.64080755
2018	2	commercial	VCC 24724 (NG T7 SWCVng)	NG	TOG	6712338.010002272
2019	2	commercial	VCC 24724 (NG T7 SWCVng)	NG	TOG	6919207.650245128
2020	2	commercial	VCC 24724 (NG T7 SWCVng)	NG	TOG	7284065.481192679
2010	2	industrial	VCC 21400 (GAS LHD1)	GAS	CH4	576.6396557384589
2011	2	industrial	VCC 21400 (GAS LHD1)	GAS	CH4	31169.453450974994
2012	2	industrial	VCC 21400 (GAS LHD1)	GAS	CH4	67822.83952012943
2013	2	industrial	VCC 21400 (GAS LHD1)	GAS	CH4	71968.21488317993
2014	2	industrial	VCC 21400 (GAS LHD1)	GAS	CH4	91998.7472249949
2015	2	industrial	VCC 21400 (GAS LHD1)	GAS	CH4	115687.275951675
2016	2	industrial	VCC 21400 (GAS LHD1)	GAS	CH4	126818.9101875952
2017	2	industrial	VCC 21400 (GAS LHD1)	GAS	CH4	133521.23200975588
2018	2	industrial	VCC 21400 (GAS LHD1)	GAS	CH4	140426.69811751452
2019	2	industrial	VCC 21400 (GAS LHD1)	GAS	CH4	142691.8659924441
2020	2	industrial	VCC 21400 (GAS LHD1)	GAS	CH4	147675.9393185007
2010	2	industrial	VCC 21400 (GAS LHD1)	GAS	CO	56842.38448556809
2011	2	industrial	VCC 21400 (GAS LHD1)	GAS	CO	3028794.567058148
2012	2	industrial	VCC 21400 (GAS LHD1)	GAS	CO	6633761.917316609
2013	2	industrial	VCC 21400 (GAS LHD1)	GAS	CO	7042703.6419227235
2014	2	industrial	VCC 21400 (GAS LHD1)	GAS	CO	9017380.26622198
2015	2	industrial	VCC 21400 (GAS LHD1)	GAS	CO	1.136098534071589e7
2016	2	industrial	VCC 21400 (GAS LHD1)	GAS	CO	1.2573261126447434e7
2017	2	industrial	VCC 21400 (GAS LHD1)	GAS	CO	1.338973598210102e7
2018	2	industrial	VCC 21400 (GAS LHD1)	GAS	CO	1.439684834250927e7
2019	2	industrial	VCC 21400 (GAS LHD1)	GAS	CO	1.4994255940271799e7
2020	2	industrial	VCC 21400 (GAS LHD1)	GAS	CO	1.6059525237185976e7
2010	2	industrial	VCC 21400 (GAS LHD1)	GAS	CO2	3.791751672621259e7
2011	2	industrial	VCC 21400 (GAS LHD1)	GAS	CO2	2.0412153068801167e9
2012	2	industrial	VCC 21400 (GAS LHD1)	GAS	CO2	4.467508172094095e9
2013	2	industrial	VCC 21400 (GAS LHD1)	GAS	CO2	4.742721288287769e9
2014	2	industrial	VCC 21400 (GAS LHD1)	GAS	CO2	6.065429980809574e9
2015	2	industrial	VCC 21400 (GAS LHD1)	GAS	CO2	7.620845475097718e9
2016	2	industrial	VCC 21400 (GAS LHD1)	GAS	CO2	8.392455892631386e9
2017	2	industrial	VCC 21400 (GAS LHD1)	GAS	CO2	8.889947789360832e9
2018	2	industrial	VCC 21400 (GAS LHD1)	GAS	CO2	9.45310486906143e9
2019	2	industrial	VCC 21400 (GAS LHD1)	GAS	CO2	9.761886177800825e9
2020	2	industrial	VCC 21400 (GAS LHD1)	GAS	CO2	1.0364285272348099e10
2010	2	industrial	VCC 21400 (GAS LHD1)	GAS	HC	10977.1579703144
2011	2	industrial	VCC 21400 (GAS LHD1)	GAS	HC	583964.8340965082
2012	2	industrial	VCC 21400 (GAS LHD1)	GAS	HC	1261063.3721526228
2013	2	industrial	VCC 21400 (GAS LHD1)	GAS	HC	1337965.3973697117
2014	2	industrial	VCC 21400 (GAS LHD1)	GAS	HC	1709882.1078944649
2015	2	industrial	VCC 21400 (GAS LHD1)	GAS	HC	2149033.3252477515
2016	2	industrial	VCC 21400 (GAS LHD1)	GAS	HC	2366636.5522858603
2017	2	industrial	VCC 21400 (GAS LHD1)	GAS	HC	2505835.5126206344
2018	2	industrial	VCC 21400 (GAS LHD1)	GAS	HC	2664969.5145737603
2019	2	industrial	VCC 21400 (GAS LHD1)	GAS	HC	2742558.4547947487
2020	2	industrial	VCC 21400 (GAS LHD1)	GAS	HC	2888649.1838817475
2010	2	industrial	VCC 21400 (GAS LHD1)	GAS	NOx	21402.721914774294
2011	2	industrial	VCC 21400 (GAS LHD1)	GAS	NOx	1141006.0021400875
2012	2	industrial	VCC 21400 (GAS LHD1)	GAS	NOx	2499583.25492734
2013	2	industrial	VCC 21400 (GAS LHD1)	GAS	NOx	2654509.1672614277
2014	2	industrial	VCC 21400 (GAS LHD1)	GAS	NOx	3403219.293249432
2015	2	industrial	VCC 21400 (GAS LHD1)	GAS	NOx	4295118.263946018
2016	2	industrial	VCC 21400 (GAS LHD1)	GAS	NOx	4719515.358914674
2017	2	industrial	VCC 21400 (GAS LHD1)	GAS	NOx	4977738.921439438
2018	2	industrial	VCC 21400 (GAS LHD1)	GAS	NOx	5247578.245636393
2019	2	industrial	VCC 21400 (GAS LHD1)	GAS	NOx	5342510.857719084
2020	2	industrial	VCC 21400 (GAS LHD1)	GAS	NOx	5540692.120731826
2010	2	industrial	VCC 21400 (GAS LHD1)	GAS	PM	3935.8492761773828
2011	2	industrial	VCC 21400 (GAS LHD1)	GAS	PM	209968.28259431737
2012	2	industrial	VCC 21400 (GAS LHD1)	GAS	PM	462919.04435876734
2013	2	industrial	VCC 21400 (GAS LHD1)	GAS	PM	491799.3523015911
2014	2	industrial	VCC 21400 (GAS LHD1)	GAS	PM	631291.460136456
2015	2	industrial	VCC 21400 (GAS LHD1)	GAS	PM	797467.893993269
2016	2	industrial	VCC 21400 (GAS LHD1)	GAS	PM	883664.0517793486
2017	2	industrial	VCC 21400 (GAS LHD1)	GAS	PM	941552.7102701493
2018	2	industrial	VCC 21400 (GAS LHD1)	GAS	PM	1012695.2554961463
2019	2	industrial	VCC 21400 (GAS LHD1)	GAS	PM	1054590.4776002895
2020	2	industrial	VCC 21400 (GAS LHD1)	GAS	PM	1128920.8932519655
2010	2	industrial	VCC 21400 (GAS LHD1)	GAS	PM10	3863.136878305903
2011	2	industrial	VCC 21400 (GAS LHD1)	GAS	PM10	206057.82985188463
2012	2	industrial	VCC 21400 (GAS LHD1)	GAS	PM10	454241.95105735975
2013	2	industrial	VCC 21400 (GAS LHD1)	GAS	PM10	482558.1945886078
2014	2	industrial	VCC 21400 (GAS LHD1)	GAS	PM10	619300.3372704572
2015	2	industrial	VCC 21400 (GAS LHD1)	GAS	PM10	782114.5990023211
2016	2	industrial	VCC 21400 (GAS LHD1)	GAS	PM10	866501.5844172878
2017	2	industrial	VCC 21400 (GAS LHD1)	GAS	PM10	923161.1692263556
2018	2	industrial	VCC 21400 (GAS LHD1)	GAS	PM10	992784.0527552577
2019	2	industrial	VCC 21400 (GAS LHD1)	GAS	PM10	1033753.7018344637
2020	2	industrial	VCC 21400 (GAS LHD1)	GAS	PM10	1106514.2270757284
2010	2	industrial	VCC 21400 (GAS LHD1)	GAS	PM25	1597.0838433117913
2011	2	industrial	VCC 21400 (GAS LHD1)	GAS	PM25	85350.03807878036
2012	2	industrial	VCC 21400 (GAS LHD1)	GAS	PM25	188436.75922216097
2013	2	industrial	VCC 21400 (GAS LHD1)	GAS	PM25	200300.89012697348
2014	2	industrial	VCC 21400 (GAS LHD1)	GAS	PM25	257726.1580479574
2015	2	industrial	VCC 21400 (GAS LHD1)	GAS	PM25	326546.31421399233
2016	2	industrial	VCC 21400 (GAS LHD1)	GAS	PM25	362553.60304754885
2017	2	industrial	VCC 21400 (GAS LHD1)	GAS	PM25	386802.6188555775
2018	2	industrial	VCC 21400 (GAS LHD1)	GAS	PM25	416647.2308912965
2019	2	industrial	VCC 21400 (GAS LHD1)	GAS	PM25	434368.2399017509
2020	2	industrial	VCC 21400 (GAS LHD1)	GAS	PM25	465465.2187746543
2010	2	industrial	VCC 21400 (GAS LHD1)	GAS	ROG	10990.520121998043
2011	2	industrial	VCC 21400 (GAS LHD1)	GAS	ROG	584165.5908791475
2012	2	industrial	VCC 21400 (GAS LHD1)	GAS	ROG	1260754.711527676
2013	2	industrial	VCC 21400 (GAS LHD1)	GAS	ROG	1337617.6902020478
2014	2	industrial	VCC 21400 (GAS LHD1)	GAS	ROG	1709370.1605581653
2015	2	industrial	VCC 21400 (GAS LHD1)	GAS	ROG	2148259.0251220833
2016	2	industrial	VCC 21400 (GAS LHD1)	GAS	ROG	2366504.65383419
2017	2	industrial	VCC 21400 (GAS LHD1)	GAS	ROG	2506652.0021800734
2018	2	industrial	VCC 21400 (GAS LHD1)	GAS	ROG	2667844.615931472
2019	2	industrial	VCC 21400 (GAS LHD1)	GAS	ROG	2747856.348024619
2020	2	industrial	VCC 21400 (GAS LHD1)	GAS	ROG	2897596.367843355
2010	2	industrial	VCC 21400 (GAS LHD1)	GAS	TOG	11676.699563286798
2011	2	industrial	VCC 21400 (GAS LHD1)	GAS	TOG	621223.1155769868
2012	2	industrial	VCC 21400 (GAS LHD1)	GAS	TOG	1341409.5160677102
2013	2	industrial	VCC 21400 (GAS LHD1)	GAS	TOG	1423204.2755707977
2014	2	industrial	VCC 21400 (GAS LHD1)	GAS	TOG	1818786.7135175862
2015	2	industrial	VCC 21400 (GAS LHD1)	GAS	TOG	2285862.8202920565
2016	2	industrial	VCC 21400 (GAS LHD1)	GAS	TOG	2517357.9972986714
2017	2	industrial	VCC 21400 (GAS LHD1)	GAS	TOG	2665484.562589634
2018	2	industrial	VCC 21400 (GAS LHD1)	GAS	TOG	2834900.8132490423
2019	2	industrial	VCC 21400 (GAS LHD1)	GAS	TOG	2917614.202113403
2020	2	industrial	VCC 21400 (GAS LHD1)	GAS	TOG	3073291.1648017503
2010	2	industrial	VCC 22400 (DSL LHD1)	DSL	CH4	1222.0246530150257
2011	2	industrial	VCC 22400 (DSL LHD1)	DSL	CH4	48020.21885931328
2012	2	industrial	VCC 22400 (DSL LHD1)	DSL	CH4	86728.88596312425
2013	2	industrial	VCC 22400 (DSL LHD1)	DSL	CH4	92227.42259295077
2014	2	industrial	VCC 22400 (DSL LHD1)	DSL	CH4	117884.93414310364
2015	2	industrial	VCC 22400 (DSL LHD1)	DSL	CH4	147556.43397308787
2016	2	industrial	VCC 22400 (DSL LHD1)	DSL	CH4	163311.9564426515
2017	2	industrial	VCC 22400 (DSL LHD1)	DSL	CH4	173712.21019653833
2018	2	industrial	VCC 22400 (DSL LHD1)	DSL	CH4	185946.4904171152
2019	2	industrial	VCC 22400 (DSL LHD1)	DSL	CH4	193420.8937200749
2020	2	industrial	VCC 22400 (DSL LHD1)	DSL	CH4	206478.45052479568
2010	2	industrial	VCC 22400 (DSL LHD1)	DSL	CO	127948.08087842228
2011	2	industrial	VCC 22400 (DSL LHD1)	DSL	CO	5044377.609700755
2012	2	industrial	VCC 22400 (DSL LHD1)	DSL	CO	9102871.955037303
2013	2	industrial	VCC 22400 (DSL LHD1)	DSL	CO	9681092.061892621
2014	2	industrial	VCC 22400 (DSL LHD1)	DSL	CO	1.2373271997228228e7
2015	2	industrial	VCC 22400 (DSL LHD1)	DSL	CO	1.5481247973280927e7
2016	2	industrial	VCC 22400 (DSL LHD1)	DSL	CO	1.7127724761983726e7
2017	2	industrial	VCC 22400 (DSL LHD1)	DSL	CO	1.821234468130018e7
2018	2	industrial	VCC 22400 (DSL LHD1)	DSL	CO	1.948717770594579e7
2019	2	industrial	VCC 22400 (DSL LHD1)	DSL	CO	2.026421567044642e7
2020	2	industrial	VCC 22400 (DSL LHD1)	DSL	CO	2.1624237264905512e7
2010	2	industrial	VCC 22400 (DSL LHD1)	DSL	CO2	1.5567475596087894e8
2011	2	industrial	VCC 22400 (DSL LHD1)	DSL	CO2	6.189145225569071e9
2012	2	industrial	VCC 22400 (DSL LHD1)	DSL	CO2	1.1136837528354683e10
2013	2	industrial	VCC 22400 (DSL LHD1)	DSL	CO2	1.2074272549291672e10
2014	2	industrial	VCC 22400 (DSL LHD1)	DSL	CO2	1.6017756485403332e10
2015	2	industrial	VCC 22400 (DSL LHD1)	DSL	CO2	2.0605894335144928e10
2016	2	industrial	VCC 22400 (DSL LHD1)	DSL	CO2	2.3009381786258163e10
2017	2	industrial	VCC 22400 (DSL LHD1)	DSL	CO2	2.4501534355000427e10
2018	2	industrial	VCC 22400 (DSL LHD1)	DSL	CO2	2.605016727863139e10
2019	2	industrial	VCC 22400 (DSL LHD1)	DSL	CO2	2.6963655900745056e10
2020	2	industrial	VCC 22400 (DSL LHD1)	DSL	CO2	2.8635573975951283e10
2010	2	industrial	VCC 22400 (DSL LHD1)	DSL	HC	20775.187678998107
2011	2	industrial	VCC 22400 (DSL LHD1)	DSL	HC	816373.7625280718
2012	2	industrial	VCC 22400 (DSL LHD1)	DSL	HC	1474445.5257350216
2013	2	industrial	VCC 22400 (DSL LHD1)	DSL	HC	1567924.0905914342
2014	2	industrial	VCC 22400 (DSL LHD1)	DSL	HC	2004117.9138435766
2015	2	industrial	VCC 22400 (DSL LHD1)	DSL	HC	2508551.945634278
2016	2	industrial	VCC 22400 (DSL LHD1)	DSL	HC	2776405.6421174854
2017	2	industrial	VCC 22400 (DSL LHD1)	DSL	HC	2953216.490291987
2018	2	industrial	VCC 22400 (DSL LHD1)	DSL	HC	3161206.901944379
2019	2	industrial	VCC 22400 (DSL LHD1)	DSL	HC	3288276.3983182446
2020	2	industrial	VCC 22400 (DSL LHD1)	DSL	HC	3510263.0083480277
2010	2	industrial	VCC 22400 (DSL LHD1)	DSL	NOx	75900.19156798319
2011	2	industrial	VCC 22400 (DSL LHD1)	DSL	NOx	3017295.2796386667
2012	2	industrial	VCC 22400 (DSL LHD1)	DSL	NOx	5434134.259520441
2013	2	industrial	VCC 22400 (DSL LHD1)	DSL	NOx	5857343.097454788
2014	2	industrial	VCC 22400 (DSL LHD1)	DSL	NOx	7702136.973023063
2015	2	industrial	VCC 22400 (DSL LHD1)	DSL	NOx	9859145.021435453
2016	2	industrial	VCC 22400 (DSL LHD1)	DSL	NOx	1.0825345874477165e7
2017	2	industrial	VCC 22400 (DSL LHD1)	DSL	NOx	1.1306486825560667e7
2018	2	industrial	VCC 22400 (DSL LHD1)	DSL	NOx	1.1655928387690868e7
2019	2	industrial	VCC 22400 (DSL LHD1)	DSL	NOx	1.1663877163224377e7
2020	2	industrial	VCC 22400 (DSL LHD1)	DSL	NOx	1.182151987782495e7
2010	2	industrial	VCC 22400 (DSL LHD1)	DSL	PM	28921.13644272159
2011	2	industrial	VCC 22400 (DSL LHD1)	DSL	PM	1152456.7472805118
2012	2	industrial	VCC 22400 (DSL LHD1)	DSL	PM	2072556.1259848145
2013	2	industrial	VCC 22400 (DSL LHD1)	DSL	PM	2252074.932811128
2014	2	industrial	VCC 22400 (DSL LHD1)	DSL	PM	3010333.1108152634
2015	2	industrial	VCC 22400 (DSL LHD1)	DSL	PM	3901536.7125581363
2016	2	industrial	VCC 22400 (DSL LHD1)	DSL	PM	4394292.236470429
2017	2	industrial	VCC 22400 (DSL LHD1)	DSL	PM	4717893.676332892
2018	2	industrial	VCC 22400 (DSL LHD1)	DSL	PM	5094057.991229095
2019	2	industrial	VCC 22400 (DSL LHD1)	DSL	PM	5321651.264572421
2020	2	industrial	VCC 22400 (DSL LHD1)	DSL	PM	5689578.737388257
2010	2	industrial	VCC 22400 (DSL LHD1)	DSL	PM10	28469.81025298306
2011	2	industrial	VCC 22400 (DSL LHD1)	DSL	PM10	1134472.4786196034
2012	2	industrial	VCC 22400 (DSL LHD1)	DSL	PM10	2040214.8700391073
2013	2	industrial	VCC 22400 (DSL LHD1)	DSL	PM10	2216906.7648009094
2014	2	industrial	VCC 22400 (DSL LHD1)	DSL	PM10	2963252.808080218
2015	2	industrial	VCC 22400 (DSL LHD1)	DSL	PM10	3840445.788577404
2016	2	industrial	VCC 22400 (DSL LHD1)	DSL	PM10	4325443.58547406
2017	2	industrial	VCC 22400 (DSL LHD1)	DSL	PM10	4643949.457385894
2018	2	industrial	VCC 22400 (DSL LHD1)	DSL	PM10	5014125.95688656
2019	2	industrial	VCC 22400 (DSL LHD1)	DSL	PM10	5237975.459008307
2020	2	industrial	VCC 22400 (DSL LHD1)	DSL	PM10	5599804.987798343
2010	2	industrial	VCC 22400 (DSL LHD1)	DSL	PM25	13932.705532120588
2011	2	industrial	VCC 22400 (DSL LHD1)	DSL	PM25	555207.4244693373
2012	2	industrial	VCC 22400 (DSL LHD1)	DSL	PM25	998536.9400107168
2013	2	industrial	VCC 22400 (DSL LHD1)	DSL	PM25	1083776.8249107925
2014	2	industrial	VCC 22400 (DSL LHD1)	DSL	PM25	1445195.0473904149
2015	2	industrial	VCC 22400 (DSL LHD1)	DSL	PM25	1869497.0750941657
2016	2	industrial	VCC 22400 (DSL LHD1)	DSL	PM25	2103555.4707834753
2017	2	industrial	VCC 22400 (DSL LHD1)	DSL	PM25	2257220.571541918
2018	2	industrial	VCC 22400 (DSL LHD1)	DSL	PM25	2432691.8634264558
2019	2	industrial	VCC 22400 (DSL LHD1)	DSL	PM25	2532950.599825773
2020	2	industrial	VCC 22400 (DSL LHD1)	DSL	PM25	2692792.886545658
2010	2	industrial	VCC 22400 (DSL LHD1)	DSL	ROG	26309.474167887918
2011	2	industrial	VCC 22400 (DSL LHD1)	DSL	ROG	1033846.9750656722
2012	2	industrial	VCC 22400 (DSL LHD1)	DSL	ROG	1867222.0098887598
2013	2	industrial	VCC 22400 (DSL LHD1)	DSL	ROG	1985602.259682511
2014	2	industrial	VCC 22400 (DSL LHD1)	DSL	ROG	2537993.4421482105
2015	2	industrial	VCC 22400 (DSL LHD1)	DSL	ROG	3176803.319661311
2016	2	industrial	VCC 22400 (DSL LHD1)	DSL	ROG	3516010.378140476
2017	2	industrial	VCC 22400 (DSL LHD1)	DSL	ROG	3739921.737586825
2018	2	industrial	VCC 22400 (DSL LHD1)	DSL	ROG	4003318.5548494696
2019	2	industrial	VCC 22400 (DSL LHD1)	DSL	ROG	4164238.006042325
2020	2	industrial	VCC 22400 (DSL LHD1)	DSL	ROG	4445359.46895264
2010	2	industrial	VCC 22400 (DSL LHD1)	DSL	TOG	29951.587775944863
2011	2	industrial	VCC 22400 (DSL LHD1)	DSL	TOG	1176966.0631668943
2012	2	industrial	VCC 22400 (DSL LHD1)	DSL	TOG	2125708.131112147
2013	2	industrial	VCC 22400 (DSL LHD1)	DSL	TOG	2260476.175340912
2014	2	industrial	VCC 22400 (DSL LHD1)	DSL	TOG	2889336.8077523904
2015	2	industrial	VCC 22400 (DSL LHD1)	DSL	TOG	3616579.360493561
2016	2	industrial	VCC 22400 (DSL LHD1)	DSL	TOG	4002744.0569873825
2017	2	industrial	VCC 22400 (DSL LHD1)	DSL	TOG	4257652.256112236
2018	2	industrial	VCC 22400 (DSL LHD1)	DSL	TOG	4557512.030665871
2019	2	industrial	VCC 22400 (DSL LHD1)	DSL	TOG	4740708.1263650395
2020	2	industrial	VCC 22400 (DSL LHD1)	DSL	TOG	5060746.205764278
