Vehicle	Model Year	Fuel	Pollutant	Emission Rate [g/gge]
VCC 21400 (GAS LHD1)	2010	GAS	CH4	0.129228132
VCC 21400 (GAS LHD1)	2010	GAS	CO	12.73869234
VCC 21400 (GAS LHD1)	2010	GAS	CO2	8497.524941
VCC 21400 (GAS LHD1)	2010	GAS	HC	2.460041735
VCC 21400 (GAS LHD1)	2010	GAS	NOx	4.796468202
VCC 21400 (GAS LHD1)	2010	GAS	PM	0.882045563
VCC 21400 (GAS LHD1)	2010	GAS	PM10	0.865750313
VCC 21400 (GAS LHD1)	2010	GAS	PM25	0.357915311
VCC 21400 (GAS LHD1)	2010	GAS	ROG	2.463036267
VCC 21400 (GAS LHD1)	2010	GAS	TOG	2.61681287
VCC 21400 (GAS LHD1)	2011	GAS	CH4	0.129770511
VCC 21400 (GAS LHD1)	2011	GAS	CO	12.60681686
VCC 21400 (GAS LHD1)	2011	GAS	CO2	8497.752908
VCC 21400 (GAS LHD1)	2011	GAS	HC	2.430578801
VCC 21400 (GAS LHD1)	2011	GAS	NOx	4.749277396
VCC 21400 (GAS LHD1)	2011	GAS	PM	0.873974234
VCC 21400 (GAS LHD1)	2011	GAS	PM10	0.857694974
VCC 21400 (GAS LHD1)	2011	GAS	PM25	0.355273086
VCC 21400 (GAS LHD1)	2011	GAS	ROG	2.431376138
VCC 21400 (GAS LHD1)	2011	GAS	TOG	2.585658539
VCC 21400 (GAS LHD1)	2012	GAS	CH4	0.128437983
VCC 21400 (GAS LHD1)	2012	GAS	CO	12.62505642
VCC 21400 (GAS LHD1)	2012	GAS	CO2	8497.738648
VCC 21400 (GAS LHD1)	2012	GAS	HC	2.374210775
VCC 21400 (GAS LHD1)	2012	GAS	NOx	4.757827831
VCC 21400 (GAS LHD1)	2012	GAS	PM	0.885370765
VCC 21400 (GAS LHD1)	2012	GAS	PM10	0.868695639
VCC 21400 (GAS LHD1)	2012	GAS	PM25	0.360778641
VCC 21400 (GAS LHD1)	2012	GAS	ROG	2.372548082
VCC 21400 (GAS LHD1)	2012	GAS	TOG	2.525315006
VCC 21400 (GAS LHD1)	2013	GAS	CH4	0.128387718
VCC 21400 (GAS LHD1)	2013	GAS	CO	12.62367453
VCC 21400 (GAS LHD1)	2013	GAS	CO2	8497.739511
VCC 21400 (GAS LHD1)	2013	GAS	HC	2.38270442
VCC 21400 (GAS LHD1)	2013	GAS	NOx	4.770973518
VCC 21400 (GAS LHD1)	2013	GAS	PM	0.887242095
VCC 21400 (GAS LHD1)	2013	GAS	PM10	0.870214314
VCC 21400 (GAS LHD1)	2013	GAS	PM25	0.363050612
VCC 21400 (GAS LHD1)	2013	GAS	ROG	2.381660622
VCC 21400 (GAS LHD1)	2013	GAS	TOG	2.534378083
VCC 21400 (GAS LHD1)	2014	GAS	CH4	0.12870695
VCC 21400 (GAS LHD1)	2014	GAS	CO	12.67830311
VCC 21400 (GAS LHD1)	2014	GAS	CO2	8497.642184
VCC 21400 (GAS LHD1)	2014	GAS	HC	2.390059815
VCC 21400 (GAS LHD1)	2014	GAS	NOx	4.803735526
VCC 21400 (GAS LHD1)	2014	GAS	PM	0.894441388
VCC 21400 (GAS LHD1)	2014	GAS	PM10	0.876903623
VCC 21400 (GAS LHD1)	2014	GAS	PM25	0.367764716
VCC 21400 (GAS LHD1)	2014	GAS	ROG	2.389049137
VCC 21400 (GAS LHD1)	2014	GAS	TOG	2.542163136
VCC 21400 (GAS LHD1)	2015	GAS	CH4	0.129369166
VCC 21400 (GAS LHD1)	2015	GAS	CO	12.76983882
VCC 21400 (GAS LHD1)	2015	GAS	CO2	8497.47848
VCC 21400 (GAS LHD1)	2015	GAS	HC	2.400764427
VCC 21400 (GAS LHD1)	2015	GAS	NOx	4.851905291
VCC 21400 (GAS LHD1)	2015	GAS	PM	0.902829567
VCC 21400 (GAS LHD1)	2015	GAS	PM10	0.884783749
VCC 21400 (GAS LHD1)	2015	GAS	PM25	0.372847421
VCC 21400 (GAS LHD1)	2015	GAS	ROG	2.399568687
VCC 21400 (GAS LHD1)	2015	GAS	TOG	2.553488914
VCC 21400 (GAS LHD1)	2016	GAS	CH4	0.125137105
VCC 21400 (GAS LHD1)	2016	GAS	CO	13.07054817
VCC 21400 (GAS LHD1)	2016	GAS	CO2	8497.100773
VCC 21400 (GAS LHD1)	2016	GAS	HC	2.394805553
VCC 21400 (GAS LHD1)	2016	GAS	NOx	4.717025452
VCC 21400 (GAS LHD1)	2016	GAS	PM	0.924463495
VCC 21400 (GAS LHD1)	2016	GAS	PM10	0.905723078
VCC 21400 (GAS LHD1)	2016	GAS	PM25	0.383028598
VCC 21400 (GAS LHD1)	2016	GAS	ROG	2.398623717
VCC 21400 (GAS LHD1)	2016	GAS	TOG	2.547525788
VCC 21400 (GAS LHD1)	2017	GAS	CH4	0.120761345
VCC 21400 (GAS LHD1)	2017	GAS	CO	13.38814082
VCC 21400 (GAS LHD1)	2017	GAS	CO2	8496.700571
VCC 21400 (GAS LHD1)	2017	GAS	HC	2.384417837
VCC 21400 (GAS LHD1)	2017	GAS	NOx	4.575487705
VCC 21400 (GAS LHD1)	2017	GAS	PM	0.945607608
VCC 21400 (GAS LHD1)	2017	GAS	PM10	0.926289976
VCC 21400 (GAS LHD1)	2017	GAS	PM25	0.392495757
VCC 21400 (GAS LHD1)	2017	GAS	ROG	2.393139998
VCC 21400 (GAS LHD1)	2017	GAS	TOG	2.536850098
VCC 21400 (GAS LHD1)	2018	GAS	CH4	0.115539377
VCC 21400 (GAS LHD1)	2018	GAS	CO	14.02698398
VCC 21400 (GAS LHD1)	2018	GAS	CO2	8495.815928
VCC 21400 (GAS LHD1)	2018	GAS	HC	2.399345662
VCC 21400 (GAS LHD1)	2018	GAS	NOx	4.39994205
VCC 21400 (GAS LHD1)	2018	GAS	PM	0.988333716
VCC 21400 (GAS LHD1)	2018	GAS	PM10	0.968049383
VCC 21400 (GAS LHD1)	2018	GAS	PM25	0.41067643
VCC 21400 (GAS LHD1)	2018	GAS	ROG	2.415837458
VCC 21400 (GAS LHD1)	2018	GAS	TOG	2.553346296
VCC 21400 (GAS LHD1)	2019	GAS	CH4	0.105322171
VCC 21400 (GAS LHD1)	2019	GAS	CO	14.07060293
VCC 21400 (GAS LHD1)	2019	GAS	CO2	8495.984647
VCC 21400 (GAS LHD1)	2019	GAS	HC	2.306722263
VCC 21400 (GAS LHD1)	2019	GAS	NOx	4.029655442
VCC 21400 (GAS LHD1)	2019	GAS	PM	0.988949434
VCC 21400 (GAS LHD1)	2019	GAS	PM10	0.968591187
VCC 21400 (GAS LHD1)	2019	GAS	PM25	0.41122356
VCC 21400 (GAS LHD1)	2019	GAS	ROG	2.330018659
VCC 21400 (GAS LHD1)	2019	GAS	TOG	2.455377723
VCC 21400 (GAS LHD1)	2020	GAS	CH4	0.095151012
VCC 21400 (GAS LHD1)	2020	GAS	CO	14.11545356
VCC 21400 (GAS LHD1)	2020	GAS	CO2	8496.151398
VCC 21400 (GAS LHD1)	2020	GAS	HC	2.210384538
VCC 21400 (GAS LHD1)	2020	GAS	NOx	3.65424285
VCC 21400 (GAS LHD1)	2020	GAS	PM	0.988849145
VCC 21400 (GAS LHD1)	2020	GAS	PM10	0.968494019
VCC 21400 (GAS LHD1)	2020	GAS	PM25	0.411176959
VCC 21400 (GAS LHD1)	2020	GAS	ROG	2.24018472
VCC 21400 (GAS LHD1)	2020	GAS	TOG	2.353444509
VCC 22400 (DSL LHD1)	2010	DSL	CH4	0.089915063
VCC 22400 (DSL LHD1)	2010	DSL	CO	9.41426159
VCC 22400 (DSL LHD1)	2010	DSL	CO2	11454.35606
VCC 22400 (DSL LHD1)	2010	DSL	HC	1.528612622
VCC 22400 (DSL LHD1)	2010	DSL	NOx	5.584642249
VCC 22400 (DSL LHD1)	2010	DSL	PM	2.12798146
VCC 22400 (DSL LHD1)	2010	DSL	PM10	2.094773437
VCC 22400 (DSL LHD1)	2010	DSL	PM25	1.025151246
VCC 22400 (DSL LHD1)	2010	DSL	ROG	1.935818579
VCC 22400 (DSL LHD1)	2010	DSL	TOG	2.203800795
VCC 22400 (DSL LHD1)	2011	DSL	CH4	0.088846528
VCC 22400 (DSL LHD1)	2011	DSL	CO	9.333809912
VCC 22400 (DSL LHD1)	2011	DSL	CO2	11454.35606
VCC 22400 (DSL LHD1)	2011	DSL	HC	1.510446552
VCC 22400 (DSL LHD1)	2011	DSL	NOx	5.58414785
VCC 22400 (DSL LHD1)	2011	DSL	PM	2.132989864
VCC 22400 (DSL LHD1)	2011	DSL	PM10	2.099704235
VCC 22400 (DSL LHD1)	2011	DSL	PM25	1.027589544
VCC 22400 (DSL LHD1)	2011	DSL	ROG	1.912813311
VCC 22400 (DSL LHD1)	2011	DSL	TOG	2.177610813
VCC 22400 (DSL LHD1)	2012	DSL	CH4	0.089563298
VCC 22400 (DSL LHD1)	2012	DSL	CO	9.391676525
VCC 22400 (DSL LHD1)	2012	DSL	CO2	11454.35606
VCC 22400 (DSL LHD1)	2012	DSL	HC	1.522632542
VCC 22400 (DSL LHD1)	2012	DSL	NOx	5.59445442
VCC 22400 (DSL LHD1)	2012	DSL	PM	2.13030267
VCC 22400 (DSL LHD1)	2012	DSL	PM10	2.097061786
VCC 22400 (DSL LHD1)	2012	DSL	PM25	1.026429389
VCC 22400 (DSL LHD1)	2012	DSL	ROG	1.928245546
VCC 22400 (DSL LHD1)	2012	DSL	TOG	2.195179352
VCC 22400 (DSL LHD1)	2013	DSL	CH4	0.075173131
VCC 22400 (DSL LHD1)	2013	DSL	CO	7.898003508
VCC 22400 (DSL LHD1)	2013	DSL	CO2	11454.35606
VCC 22400 (DSL LHD1)	2013	DSL	HC	1.277990367
VCC 22400 (DSL LHD1)	2013	DSL	NOx	5.322650665
VCC 22400 (DSL LHD1)	2013	DSL	PM	2.171041816
VCC 22400 (DSL LHD1)	2013	DSL	PM10	2.13696411
VCC 22400 (DSL LHD1)	2013	DSL	PM25	1.036237332
VCC 22400 (DSL LHD1)	2013	DSL	ROG	1.618433282
VCC 22400 (DSL LHD1)	2013	DSL	TOG	1.842478697
VCC 22400 (DSL LHD1)	2014	DSL	CH4	0.075804958
VCC 22400 (DSL LHD1)	2014	DSL	CO	7.954353788
VCC 22400 (DSL LHD1)	2014	DSL	CO2	11454.35606
VCC 22400 (DSL LHD1)	2014	DSL	HC	1.288731928
VCC 22400 (DSL LHD1)	2014	DSL	NOx	5.37761267
VCC 22400 (DSL LHD1)	2014	DSL	PM	2.195736232
VCC 22400 (DSL LHD1)	2014	DSL	PM10	2.161261401
VCC 22400 (DSL LHD1)	2014	DSL	PM25	1.047553748
VCC 22400 (DSL LHD1)	2014	DSL	ROG	1.6320363
VCC 22400 (DSL LHD1)	2014	DSL	TOG	1.857964815
VCC 22400 (DSL LHD1)	2015	DSL	CH4	0.076103963
VCC 22400 (DSL LHD1)	2015	DSL	CO	7.975521703
VCC 22400 (DSL LHD1)	2015	DSL	CO2	11454.35606
VCC 22400 (DSL LHD1)	2015	DSL	HC	1.293814948
VCC 22400 (DSL LHD1)	2015	DSL	NOx	5.410225205
VCC 22400 (DSL LHD1)	2015	DSL	PM	2.211049239
VCC 22400 (DSL LHD1)	2015	DSL	PM10	2.176323997
VCC 22400 (DSL LHD1)	2015	DSL	PM25	1.054374872
VCC 22400 (DSL LHD1)	2015	DSL	ROG	1.638473435
VCC 22400 (DSL LHD1)	2015	DSL	TOG	1.865293031
VCC 22400 (DSL LHD1)	2016	DSL	CH4	0.078270764
VCC 22400 (DSL LHD1)	2016	DSL	CO	8.191548886
VCC 22400 (DSL LHD1)	2016	DSL	CO2	11454.35606
VCC 22400 (DSL LHD1)	2016	DSL	HC	1.330651892
VCC 22400 (DSL LHD1)	2016	DSL	NOx	4.928861139
VCC 22400 (DSL LHD1)	2016	DSL	PM	2.281010532
VCC 22400 (DSL LHD1)	2016	DSL	PM10	2.245175834
VCC 22400 (DSL LHD1)	2016	DSL	PM25	1.087215567
VCC 22400 (DSL LHD1)	2016	DSL	ROG	1.685123324
VCC 22400 (DSL LHD1)	2016	DSL	TOG	1.918400906
VCC 22400 (DSL LHD1)	2017	DSL	CH4	0.08058613
VCC 22400 (DSL LHD1)	2017	DSL	CO	8.424768709
VCC 22400 (DSL LHD1)	2017	DSL	CO2	11454.35606
VCC 22400 (DSL LHD1)	2017	DSL	HC	1.370014801
VCC 22400 (DSL LHD1)	2017	DSL	NOx	4.418493434
VCC 22400 (DSL LHD1)	2017	DSL	PM	2.355691145
VCC 22400 (DSL LHD1)	2017	DSL	PM10	2.318673392
VCC 22400 (DSL LHD1)	2017	DSL	PM25	1.122331896
VCC 22400 (DSL LHD1)	2017	DSL	ROG	1.73497205
VCC 22400 (DSL LHD1)	2017	DSL	TOG	1.975150345
VCC 22400 (DSL LHD1)	2018	DSL	CH4	0.086024921
VCC 22400 (DSL LHD1)	2018	DSL	CO	8.991049981
VCC 22400 (DSL LHD1)	2018	DSL	CO2	11454.35606
VCC 22400 (DSL LHD1)	2018	DSL	HC	1.462477511
VCC 22400 (DSL LHD1)	2018	DSL	NOx	3.914271614
VCC 22400 (DSL LHD1)	2018	DSL	PM	2.497406222
VCC 22400 (DSL LHD1)	2018	DSL	PM10	2.457918228
VCC 22400 (DSL LHD1)	2018	DSL	PM25	1.177965878
VCC 22400 (DSL LHD1)	2018	DSL	ROG	1.852065806
VCC 22400 (DSL LHD1)	2018	DSL	TOG	2.108453827
VCC 22400 (DSL LHD1)	2019	DSL	CH4	0.085767251
VCC 22400 (DSL LHD1)	2019	DSL	CO	8.960755966
VCC 22400 (DSL LHD1)	2019	DSL	CO2	11454.35606
VCC 22400 (DSL LHD1)	2019	DSL	HC	1.458096841
VCC 22400 (DSL LHD1)	2019	DSL	NOx	3.396352187
VCC 22400 (DSL LHD1)	2019	DSL	PM	2.44992392
VCC 22400 (DSL LHD1)	2019	DSL	PM10	2.410716021
VCC 22400 (DSL LHD1)	2019	DSL	PM25	1.132572735
VCC 22400 (DSL LHD1)	2019	DSL	ROG	1.846518234
VCC 22400 (DSL LHD1)	2019	DSL	TOG	2.102138238
VCC 22400 (DSL LHD1)	2020	DSL	CH4	0.085485426
VCC 22400 (DSL LHD1)	2020	DSL	CO	8.92602897
VCC 22400 (DSL LHD1)	2020	DSL	CO2	11454.35606
VCC 22400 (DSL LHD1)	2020	DSL	HC	1.453305655
VCC 22400 (DSL LHD1)	2020	DSL	NOx	2.868501738
VCC 22400 (DSL LHD1)	2020	DSL	PM	2.401836526
VCC 22400 (DSL LHD1)	2020	DSL	PM10	2.362912144
VCC 22400 (DSL LHD1)	2020	DSL	PM25	1.086595645
VCC 22400 (DSL LHD1)	2020	DSL	ROG	1.840450709
VCC 22400 (DSL LHD1)	2020	DSL	TOG	2.095230715
VCC 22601 (DSL T6 Ag)	2010	DSL	CH4	0.053409176
VCC 22601 (DSL T6 Ag)	2010	DSL	CO	3.056126005
VCC 22601 (DSL T6 Ag)	2010	DSL	CO2	11454.35609
VCC 22601 (DSL T6 Ag)	2010	DSL	HC	0.907994795
VCC 22601 (DSL T6 Ag)	2010	DSL	NOx	41.29739486
VCC 22601 (DSL T6 Ag)	2010	DSL	PM	1.477863398
VCC 22601 (DSL T6 Ag)	2010	DSL	PM10	1.452783578
VCC 22601 (DSL T6 Ag)	2010	DSL	PM25	0.689605219
VCC 22601 (DSL T6 Ag)	2010	DSL	ROG	1.149884853
VCC 22601 (DSL T6 Ag)	2010	DSL	TOG	1.309056233
VCC 22601 (DSL T6 Ag)	2011	DSL	CH4	0.025546343
VCC 22601 (DSL T6 Ag)	2011	DSL	CO	2.277929556
VCC 22601 (DSL T6 Ag)	2011	DSL	CO2	11454.35604
VCC 22601 (DSL T6 Ag)	2011	DSL	HC	0.434306421
VCC 22601 (DSL T6 Ag)	2011	DSL	NOx	23.03037616
VCC 22601 (DSL T6 Ag)	2011	DSL	PM	1.342455068
VCC 22601 (DSL T6 Ag)	2011	DSL	PM10	1.318517315
VCC 22601 (DSL T6 Ag)	2011	DSL	PM25	0.57538398
VCC 22601 (DSL T6 Ag)	2011	DSL	ROG	0.55000609
VCC 22601 (DSL T6 Ag)	2011	DSL	TOG	0.626139632
VCC 22601 (DSL T6 Ag)	2012	DSL	CH4	0.024016908
VCC 22601 (DSL T6 Ag)	2012	DSL	CO	2.72807404
VCC 22601 (DSL T6 Ag)	2012	DSL	CO2	11454.35606
VCC 22601 (DSL T6 Ag)	2012	DSL	HC	0.408304913
VCC 22601 (DSL T6 Ag)	2012	DSL	NOx	40.13131559
VCC 22601 (DSL T6 Ag)	2012	DSL	PM	1.273693929
VCC 22601 (DSL T6 Ag)	2012	DSL	PM10	1.250809345
VCC 22601 (DSL T6 Ag)	2012	DSL	PM25	0.53827591
VCC 22601 (DSL T6 Ag)	2012	DSL	ROG	0.517077313
VCC 22601 (DSL T6 Ag)	2012	DSL	TOG	0.588653144
VCC 22601 (DSL T6 Ag)	2013	DSL	CH4	0.022892365
VCC 22601 (DSL T6 Ag)	2013	DSL	CO	2.598209905
VCC 22601 (DSL T6 Ag)	2013	DSL	CO2	11454.35606
VCC 22601 (DSL T6 Ag)	2013	DSL	HC	0.389186889
VCC 22601 (DSL T6 Ag)	2013	DSL	NOx	30.10104817
VCC 22601 (DSL T6 Ag)	2013	DSL	PM	1.301362394
VCC 22601 (DSL T6 Ag)	2013	DSL	PM10	1.277946657
VCC 22601 (DSL T6 Ag)	2013	DSL	PM25	0.548461263
VCC 22601 (DSL T6 Ag)	2013	DSL	ROG	0.492866309
VCC 22601 (DSL T6 Ag)	2013	DSL	TOG	0.561090797
VCC 22601 (DSL T6 Ag)	2014	DSL	CH4	0.020978901
VCC 22601 (DSL T6 Ag)	2014	DSL	CO	2.381746461
VCC 22601 (DSL T6 Ag)	2014	DSL	CO2	11454.35607
VCC 22601 (DSL T6 Ag)	2014	DSL	HC	0.356656536
VCC 22601 (DSL T6 Ag)	2014	DSL	NOx	27.94216895
VCC 22601 (DSL T6 Ag)	2014	DSL	PM	1.377216697
VCC 22601 (DSL T6 Ag)	2014	DSL	PM10	1.352367995
VCC 22601 (DSL T6 Ag)	2014	DSL	PM25	0.577423495
VCC 22601 (DSL T6 Ag)	2014	DSL	ROG	0.451669824
VCC 22601 (DSL T6 Ag)	2014	DSL	TOG	0.514191744
VCC 22601 (DSL T6 Ag)	2015	DSL	CH4	0.020250074
VCC 22601 (DSL T6 Ag)	2015	DSL	CO	2.299283526
VCC 22601 (DSL T6 Ag)	2015	DSL	CO2	11454.35607
VCC 22601 (DSL T6 Ag)	2015	DSL	HC	0.344265912
VCC 22601 (DSL T6 Ag)	2015	DSL	NOx	27.45255433
VCC 22601 (DSL T6 Ag)	2015	DSL	PM	1.381372815
VCC 22601 (DSL T6 Ag)	2015	DSL	PM10	1.356432811
VCC 22601 (DSL T6 Ag)	2015	DSL	PM25	0.578446959
VCC 22601 (DSL T6 Ag)	2015	DSL	ROG	0.435978276
VCC 22601 (DSL T6 Ag)	2015	DSL	TOG	0.496328139
VCC 22601 (DSL T6 Ag)	2016	DSL	CH4	0.020261915
VCC 22601 (DSL T6 Ag)	2016	DSL	CO	2.300713988
VCC 22601 (DSL T6 Ag)	2016	DSL	CO2	11454.35606
VCC 22601 (DSL T6 Ag)	2016	DSL	HC	0.344467345
VCC 22601 (DSL T6 Ag)	2016	DSL	NOx	27.7938742
VCC 22601 (DSL T6 Ag)	2016	DSL	PM	1.380743639
VCC 22601 (DSL T6 Ag)	2016	DSL	PM10	1.35581554
VCC 22601 (DSL T6 Ag)	2016	DSL	PM25	0.578222551
VCC 22601 (DSL T6 Ag)	2016	DSL	ROG	0.436233538
VCC 22601 (DSL T6 Ag)	2016	DSL	TOG	0.496618614
VCC 22601 (DSL T6 Ag)	2017	DSL	CH4	0.021056835
VCC 22601 (DSL T6 Ag)	2017	DSL	CO	2.391040894
VCC 22601 (DSL T6 Ag)	2017	DSL	CO2	11454.35606
VCC 22601 (DSL T6 Ag)	2017	DSL	HC	0.357981685
VCC 22601 (DSL T6 Ag)	2017	DSL	NOx	29.1304007
VCC 22601 (DSL T6 Ag)	2017	DSL	PM	1.434246538
VCC 22601 (DSL T6 Ag)	2017	DSL	PM10	1.408353271
VCC 22601 (DSL T6 Ag)	2017	DSL	PM25	0.600657073
VCC 22601 (DSL T6 Ag)	2017	DSL	ROG	0.453347849
VCC 22601 (DSL T6 Ag)	2017	DSL	TOG	0.516102134
VCC 22601 (DSL T6 Ag)	2018	DSL	CH4	0.021055402
VCC 22601 (DSL T6 Ag)	2018	DSL	CO	2.390923592
VCC 22601 (DSL T6 Ag)	2018	DSL	CO2	11454.35606
VCC 22601 (DSL T6 Ag)	2018	DSL	HC	0.357957277
VCC 22601 (DSL T6 Ag)	2018	DSL	NOx	29.30008546
VCC 22601 (DSL T6 Ag)	2018	DSL	PM	1.434073428
VCC 22601 (DSL T6 Ag)	2018	DSL	PM10	1.408183674
VCC 22601 (DSL T6 Ag)	2018	DSL	PM25	0.60060461
VCC 22601 (DSL T6 Ag)	2018	DSL	ROG	0.453317233
VCC 22601 (DSL T6 Ag)	2018	DSL	TOG	0.516066992
VCC 22601 (DSL T6 Ag)	2019	DSL	CH4	0.021042165
VCC 22601 (DSL T6 Ag)	2019	DSL	CO	2.389442308
VCC 22601 (DSL T6 Ag)	2019	DSL	CO2	11454.35606
VCC 22601 (DSL T6 Ag)	2019	DSL	HC	0.357732368
VCC 22601 (DSL T6 Ag)	2019	DSL	NOx	29.36217142
VCC 22601 (DSL T6 Ag)	2019	DSL	PM	1.43415968
VCC 22601 (DSL T6 Ag)	2019	DSL	PM10	1.408268445
VCC 22601 (DSL T6 Ag)	2019	DSL	PM25	0.60064407
VCC 22601 (DSL T6 Ag)	2019	DSL	ROG	0.453032176
VCC 22601 (DSL T6 Ag)	2019	DSL	TOG	0.515742634
VCC 22601 (DSL T6 Ag)	2020	DSL	CH4	0.021021079
VCC 22601 (DSL T6 Ag)	2020	DSL	CO	2.387050581
VCC 22601 (DSL T6 Ag)	2020	DSL	CO2	11454.35606
VCC 22601 (DSL T6 Ag)	2020	DSL	HC	0.35737359
VCC 22601 (DSL T6 Ag)	2020	DSL	NOx	29.34505092
VCC 22601 (DSL T6 Ag)	2020	DSL	PM	1.434424335
VCC 22601 (DSL T6 Ag)	2020	DSL	PM10	1.408528765
VCC 22601 (DSL T6 Ag)	2020	DSL	PM25	0.600746383
VCC 22601 (DSL T6 Ag)	2020	DSL	ROG	0.452578009
VCC 22601 (DSL T6 Ag)	2020	DSL	TOG	0.51522566
VCC 24724 (NG T7 SWCVng)	2010	ELEC	CH4	2.442602484
VCC 24724 (NG T7 SWCVng)	2010	ELEC	CO	25.9073384
VCC 24724 (NG T7 SWCVng)	2010	ELEC	CO2	1375.407844
VCC 24724 (NG T7 SWCVng)	2010	ELEC	HC	0.102248261
VCC 24724 (NG T7 SWCVng)	2010	ELEC	NOx	0.109168663
VCC 24724 (NG T7 SWCVng)	2010	ELEC	PM	0.043279334
VCC 24724 (NG T7 SWCVng)	2010	ELEC	PM10	0.095137424
VCC 24724 (NG T7 SWCVng)	2010	ELEC	PM25	0.071688252
VCC 24724 (NG T7 SWCVng)	2010	ELEC	ROG	0.097743858
VCC 24724 (NG T7 SWCVng)	2010	ELEC	TOG	1.163109952
VCC 24724 (NG T7 SWCVng)	2011	ELEC	CH4	0.770116476
VCC 24724 (NG T7 SWCVng)	2011	ELEC	CO	11.20874035
VCC 24724 (NG T7 SWCVng)	2011	ELEC	CO2	2881.366292
VCC 24724 (NG T7 SWCVng)	2011	ELEC	HC	9.667652309
VCC 24724 (NG T7 SWCVng)	2011	ELEC	NOx	0.555591867
VCC 24724 (NG T7 SWCVng)	2011	ELEC	PM	0.047240024
VCC 24724 (NG T7 SWCVng)	2011	ELEC	PM10	0.145964549
VCC 24724 (NG T7 SWCVng)	2011	ELEC	PM25	0.001576781
VCC 24724 (NG T7 SWCVng)	2011	ELEC	ROG	0.015004914
VCC 24724 (NG T7 SWCVng)	2011	ELEC	TOG	3.92254844
VCC 24724 (NG T7 SWCVng)	2012	ELEC	CH4	10.62173396
VCC 24724 (NG T7 SWCVng)	2012	ELEC	CO	12.5373629
VCC 24724 (NG T7 SWCVng)	2012	ELEC	CO2	2479.031996
VCC 24724 (NG T7 SWCVng)	2012	ELEC	HC	3.630794526
VCC 24724 (NG T7 SWCVng)	2012	ELEC	NOx	1.836521198
VCC 24724 (NG T7 SWCVng)	2012	ELEC	PM	0.018998809
VCC 24724 (NG T7 SWCVng)	2012	ELEC	PM10	0.019503167
VCC 24724 (NG T7 SWCVng)	2012	ELEC	PM25	0.052889665
VCC 24724 (NG T7 SWCVng)	2012	ELEC	ROG	0.094896684
VCC 24724 (NG T7 SWCVng)	2012	ELEC	TOG	6.597874676
VCC 24724 (NG T7 SWCVng)	2013	ELEC	CH4	5.008014263
VCC 24724 (NG T7 SWCVng)	2013	ELEC	CO	34.94106444
VCC 24724 (NG T7 SWCVng)	2013	ELEC	CO2	1790.589433
VCC 24724 (NG T7 SWCVng)	2013	ELEC	HC	7.878306297
VCC 24724 (NG T7 SWCVng)	2013	ELEC	NOx	1.007023149
VCC 24724 (NG T7 SWCVng)	2013	ELEC	PM	0.210653227
VCC 24724 (NG T7 SWCVng)	2013	ELEC	PM10	0.267438697
VCC 24724 (NG T7 SWCVng)	2013	ELEC	PM25	0.036611832
VCC 24724 (NG T7 SWCVng)	2013	ELEC	ROG	0.027223155
VCC 24724 (NG T7 SWCVng)	2013	ELEC	TOG	8.421068207
VCC 24724 (NG T7 SWCVng)	2014	ELEC	CH4	2.795747557
VCC 24724 (NG T7 SWCVng)	2014	ELEC	CO	31.81548083
VCC 24724 (NG T7 SWCVng)	2014	ELEC	CO2	8185.745474
VCC 24724 (NG T7 SWCVng)	2014	ELEC	HC	5.562802386
VCC 24724 (NG T7 SWCVng)	2014	ELEC	NOx	1.071132657
VCC 24724 (NG T7 SWCVng)	2014	ELEC	PM	0.058498123
VCC 24724 (NG T7 SWCVng)	2014	ELEC	PM10	0.105256973
VCC 24724 (NG T7 SWCVng)	2014	ELEC	PM25	0.05832507
VCC 24724 (NG T7 SWCVng)	2014	ELEC	ROG	0.146218416
VCC 24724 (NG T7 SWCVng)	2014	ELEC	TOG	3.726875173
VCC 24724 (NG T7 SWCVng)	2015	ELEC	CH4	0.552920885
VCC 24724 (NG T7 SWCVng)	2015	ELEC	CO	19.21780916
VCC 24724 (NG T7 SWCVng)	2015	ELEC	CO2	6030.433771
VCC 24724 (NG T7 SWCVng)	2015	ELEC	HC	6.842400268
VCC 24724 (NG T7 SWCVng)	2015	ELEC	NOx	0.340593189
VCC 24724 (NG T7 SWCVng)	2015	ELEC	PM	0.116853801
VCC 24724 (NG T7 SWCVng)	2015	ELEC	PM10	0.007769253
VCC 24724 (NG T7 SWCVng)	2015	ELEC	PM25	0.059346269
VCC 24724 (NG T7 SWCVng)	2015	ELEC	ROG	0.030569317
VCC 24724 (NG T7 SWCVng)	2015	ELEC	TOG	7.201709444
VCC 24724 (NG T7 SWCVng)	2016	ELEC	CH4	10.63126225
VCC 24724 (NG T7 SWCVng)	2016	ELEC	CO	13.21652443
VCC 24724 (NG T7 SWCVng)	2016	ELEC	CO2	9910.092753
VCC 24724 (NG T7 SWCVng)	2016	ELEC	HC	3.881984341
VCC 24724 (NG T7 SWCVng)	2016	ELEC	NOx	1.846868237
VCC 24724 (NG T7 SWCVng)	2016	ELEC	PM	0.172148306
VCC 24724 (NG T7 SWCVng)	2016	ELEC	PM10	0.222029281
VCC 24724 (NG T7 SWCVng)	2016	ELEC	PM25	0.035208062
VCC 24724 (NG T7 SWCVng)	2016	ELEC	ROG	0.094599506
VCC 24724 (NG T7 SWCVng)	2016	ELEC	TOG	0.584417703
VCC 24724 (NG T7 SWCVng)	2017	ELEC	CH4	1.403804953
VCC 24724 (NG T7 SWCVng)	2017	ELEC	CO	39.93567037
VCC 24724 (NG T7 SWCVng)	2017	ELEC	CO2	8982.569059
VCC 24724 (NG T7 SWCVng)	2017	ELEC	HC	5.42947968
VCC 24724 (NG T7 SWCVng)	2017	ELEC	NOx	0.482855379
VCC 24724 (NG T7 SWCVng)	2017	ELEC	PM	0.091271874
VCC 24724 (NG T7 SWCVng)	2017	ELEC	PM10	0.127609331
VCC 24724 (NG T7 SWCVng)	2017	ELEC	PM25	0.005640137
VCC 24724 (NG T7 SWCVng)	2017	ELEC	ROG	0.111755123
VCC 24724 (NG T7 SWCVng)	2017	ELEC	TOG	0.279270563
VCC 24724 (NG T7 SWCVng)	2018	ELEC	CH4	9.422075378
VCC 24724 (NG T7 SWCVng)	2018	ELEC	CO	11.43272984
VCC 24724 (NG T7 SWCVng)	2018	ELEC	CO2	9165.050956
VCC 24724 (NG T7 SWCVng)	2018	ELEC	HC	2.936805633
VCC 24724 (NG T7 SWCVng)	2018	ELEC	NOx	0.369401796
VCC 24724 (NG T7 SWCVng)	2018	ELEC	PM	0.103694786
VCC 24724 (NG T7 SWCVng)	2018	ELEC	PM10	0.031216781
VCC 24724 (NG T7 SWCVng)	2018	ELEC	PM25	0.048390814
VCC 24724 (NG T7 SWCVng)	2018	ELEC	ROG	0.030476426
VCC 24724 (NG T7 SWCVng)	2018	ELEC	TOG	11.08082955
VCC 24724 (NG T7 SWCVng)	2019	ELEC	CH4	1.331015565
VCC 24724 (NG T7 SWCVng)	2019	ELEC	CO	24.0928431
VCC 24724 (NG T7 SWCVng)	2019	ELEC	CO2	1212.559956
VCC 24724 (NG T7 SWCVng)	2019	ELEC	HC	3.453376366
VCC 24724 (NG T7 SWCVng)	2019	ELEC	NOx	0.715725575
VCC 24724 (NG T7 SWCVng)	2019	ELEC	PM	0.197874041
VCC 24724 (NG T7 SWCVng)	2019	ELEC	PM10	0.198693093
VCC 24724 (NG T7 SWCVng)	2019	ELEC	PM25	0.099629124
VCC 24724 (NG T7 SWCVng)	2019	ELEC	ROG	0.053255991
VCC 24724 (NG T7 SWCVng)	2019	ELEC	TOG	3.549007434
VCC 24724 (NG T7 SWCVng)	2020	ELEC	CH4	3.459194092
VCC 24724 (NG T7 SWCVng)	2020	ELEC	CO	22.66603947
VCC 24724 (NG T7 SWCVng)	2020	ELEC	CO2	9853.316015
VCC 24724 (NG T7 SWCVng)	2020	ELEC	HC	10.52775015
VCC 24724 (NG T7 SWCVng)	2020	ELEC	NOx	0.971987122
VCC 24724 (NG T7 SWCVng)	2020	ELEC	PM	0.177206982
VCC 24724 (NG T7 SWCVng)	2020	ELEC	PM10	0.072581731
VCC 24724 (NG T7 SWCVng)	2020	ELEC	PM25	0.057944036
VCC 24724 (NG T7 SWCVng)	2020	ELEC	ROG	0.042411046
VCC 24724 (NG T7 SWCVng)	2020	ELEC	TOG	6.026877102
VCC 24724 (NG T7 SWCVng)	2010	NG	CH4	10.682452
VCC 24724 (NG T7 SWCVng)	2010	NG	CO	39.44996607
VCC 24724 (NG T7 SWCVng)	2010	NG	CO2	10079.83333
VCC 24724 (NG T7 SWCVng)	2010	NG	HC	10.92407397
VCC 24724 (NG T7 SWCVng)	2010	NG	NOx	3.839594489
VCC 24724 (NG T7 SWCVng)	2010	NG	PM	0.271404975
VCC 24724 (NG T7 SWCVng)	2010	NG	PM10	0.268005875
VCC 24724 (NG T7 SWCVng)	2010	NG	PM25	0.102071514
VCC 24724 (NG T7 SWCVng)	2010	NG	ROG	0.152631172
VCC 24724 (NG T7 SWCVng)	2010	NG	TOG	10.90222585
VCC 24724 (NG T7 SWCVng)	2011	NG	CH4	10.67320944
VCC 24724 (NG T7 SWCVng)	2011	NG	CO	39.39172486
VCC 24724 (NG T7 SWCVng)	2011	NG	CO2	10079.83333
VCC 24724 (NG T7 SWCVng)	2011	NG	HC	10.91462242
VCC 24724 (NG T7 SWCVng)	2011	NG	NOx	2.547617291
VCC 24724 (NG T7 SWCVng)	2011	NG	PM	0.272727382
VCC 24724 (NG T7 SWCVng)	2011	NG	PM10	0.269311699
VCC 24724 (NG T7 SWCVng)	2011	NG	PM25	0.102569141
VCC 24724 (NG T7 SWCVng)	2011	NG	ROG	0.152499094
VCC 24724 (NG T7 SWCVng)	2011	NG	TOG	10.89279313
VCC 24724 (NG T7 SWCVng)	2012	NG	CH4	10.67341067
VCC 24724 (NG T7 SWCVng)	2012	NG	CO	39.38565666
VCC 24724 (NG T7 SWCVng)	2012	NG	CO2	10079.83333
VCC 24724 (NG T7 SWCVng)	2012	NG	HC	10.91482813
VCC 24724 (NG T7 SWCVng)	2012	NG	NOx	2.112436627
VCC 24724 (NG T7 SWCVng)	2012	NG	PM	0.273175714
VCC 24724 (NG T7 SWCVng)	2012	NG	PM10	0.269754431
VCC 24724 (NG T7 SWCVng)	2012	NG	PM25	0.102737551
VCC 24724 (NG T7 SWCVng)	2012	NG	ROG	0.152502014
VCC 24724 (NG T7 SWCVng)	2012	NG	TOG	10.89299847
VCC 24724 (NG T7 SWCVng)	2013	NG	CH4	10.67310435
VCC 24724 (NG T7 SWCVng)	2013	NG	CO	39.3845264
VCC 24724 (NG T7 SWCVng)	2013	NG	CO2	10079.83333
VCC 24724 (NG T7 SWCVng)	2013	NG	HC	10.91451489
VCC 24724 (NG T7 SWCVng)	2013	NG	NOx	2.114341356
VCC 24724 (NG T7 SWCVng)	2013	NG	PM	0.273167489
VCC 24724 (NG T7 SWCVng)	2013	NG	PM10	0.269746315
VCC 24724 (NG T7 SWCVng)	2013	NG	PM25	0.102734491
VCC 24724 (NG T7 SWCVng)	2013	NG	ROG	0.152497601
VCC 24724 (NG T7 SWCVng)	2013	NG	TOG	10.89268582
VCC 24724 (NG T7 SWCVng)	2014	NG	CH4	12.15274133
VCC 24724 (NG T7 SWCVng)	2014	NG	CO	44.84449381
VCC 24724 (NG T7 SWCVng)	2014	NG	CO2	10079.83333
VCC 24724 (NG T7 SWCVng)	2014	NG	HC	12.42761914
VCC 24724 (NG T7 SWCVng)	2014	NG	NOx	2.40863422
VCC 24724 (NG T7 SWCVng)	2014	NG	PM	0.31103682
VCC 24724 (NG T7 SWCVng)	2014	NG	PM10	0.307141364
VCC 24724 (NG T7 SWCVng)	2014	NG	PM25	0.116976676
VCC 24724 (NG T7 SWCVng)	2014	NG	ROG	0.173638714
VCC 24724 (NG T7 SWCVng)	2014	NG	TOG	12.4027639
VCC 24724 (NG T7 SWCVng)	2015	NG	CH4	12.15261224
VCC 24724 (NG T7 SWCVng)	2015	NG	CO	44.84401754
VCC 24724 (NG T7 SWCVng)	2015	NG	CO2	10079.83333
VCC 24724 (NG T7 SWCVng)	2015	NG	HC	12.42748716
VCC 24724 (NG T7 SWCVng)	2015	NG	NOx	2.408878521
VCC 24724 (NG T7 SWCVng)	2015	NG	PM	0.31103339
VCC 24724 (NG T7 SWCVng)	2015	NG	PM10	0.307137956
VCC 24724 (NG T7 SWCVng)	2015	NG	PM25	0.116975389
VCC 24724 (NG T7 SWCVng)	2015	NG	ROG	0.173636841
VCC 24724 (NG T7 SWCVng)	2015	NG	TOG	12.4026322
VCC 24724 (NG T7 SWCVng)	2016	NG	CH4	12.15264018
VCC 24724 (NG T7 SWCVng)	2016	NG	CO	44.84412044
VCC 24724 (NG T7 SWCVng)	2016	NG	CO2	10079.83333
VCC 24724 (NG T7 SWCVng)	2016	NG	HC	12.42751568
VCC 24724 (NG T7 SWCVng)	2016	NG	NOx	2.408796248
VCC 24724 (NG T7 SWCVng)	2016	NG	PM	0.311034106
VCC 24724 (NG T7 SWCVng)	2016	NG	PM10	0.307138692
VCC 24724 (NG T7 SWCVng)	2016	NG	PM25	0.116975668
VCC 24724 (NG T7 SWCVng)	2016	NG	ROG	0.173637234
VCC 24724 (NG T7 SWCVng)	2016	NG	TOG	12.40266063
VCC 24724 (NG T7 SWCVng)	2017	NG	CH4	12.5073393
VCC 24724 (NG T7 SWCVng)	2017	NG	CO	46.15298585
VCC 24724 (NG T7 SWCVng)	2017	NG	CO2	10079.83333
VCC 24724 (NG T7 SWCVng)	2017	NG	HC	12.79023757
VCC 24724 (NG T7 SWCVng)	2017	NG	NOx	2.478849698
VCC 24724 (NG T7 SWCVng)	2017	NG	PM	0.320112387
VCC 24724 (NG T7 SWCVng)	2017	NG	PM10	0.316103275
VCC 24724 (NG T7 SWCVng)	2017	NG	PM25	0.120389872
VCC 24724 (NG T7 SWCVng)	2017	NG	ROG	0.178705204
VCC 24724 (NG T7 SWCVng)	2017	NG	TOG	12.7646571
VCC 24724 (NG T7 SWCVng)	2018	NG	CH4	12.50725983
VCC 24724 (NG T7 SWCVng)	2018	NG	CO	46.15269265
VCC 24724 (NG T7 SWCVng)	2018	NG	CO2	10079.83333
VCC 24724 (NG T7 SWCVng)	2018	NG	HC	12.79015635
VCC 24724 (NG T7 SWCVng)	2018	NG	NOx	2.478997344
VCC 24724 (NG T7 SWCVng)	2018	NG	PM	0.320110254
VCC 24724 (NG T7 SWCVng)	2018	NG	PM10	0.316101136
VCC 24724 (NG T7 SWCVng)	2018	NG	PM25	0.120389071
VCC 24724 (NG T7 SWCVng)	2018	NG	ROG	0.178704052
VCC 24724 (NG T7 SWCVng)	2018	NG	TOG	12.76457601
VCC 24724 (NG T7 SWCVng)	2019	NG	CH4	12.5073272
VCC 24724 (NG T7 SWCVng)	2019	NG	CO	46.15294141
VCC 24724 (NG T7 SWCVng)	2019	NG	CO2	10079.83333
VCC 24724 (NG T7 SWCVng)	2019	NG	HC	12.7902253
VCC 24724 (NG T7 SWCVng)	2019	NG	NOx	2.478837284
VCC 24724 (NG T7 SWCVng)	2019	NG	PM	0.320112056
VCC 24724 (NG T7 SWCVng)	2019	NG	PM10	0.316102979
VCC 24724 (NG T7 SWCVng)	2019	NG	PM25	0.120389725
VCC 24724 (NG T7 SWCVng)	2019	NG	ROG	0.178705026
VCC 24724 (NG T7 SWCVng)	2019	NG	TOG	12.76464483
VCC 24724 (NG T7 SWCVng)	2020	NG	CH4	12.50728996
VCC 24724 (NG T7 SWCVng)	2020	NG	CO	46.15280387
VCC 24724 (NG T7 SWCVng)	2020	NG	CO2	10079.83333
VCC 24724 (NG T7 SWCVng)	2020	NG	HC	12.79018713
VCC 24724 (NG T7 SWCVng)	2020	NG	NOx	2.478896211
VCC 24724 (NG T7 SWCVng)	2020	NG	PM	0.320111074
VCC 24724 (NG T7 SWCVng)	2020	NG	PM10	0.316101958
VCC 24724 (NG T7 SWCVng)	2020	NG	PM25	0.120389394
VCC 24724 (NG T7 SWCVng)	2020	NG	ROG	0.17870449
VCC 24724 (NG T7 SWCVng)	2020	NG	TOG	12.76460678
